,effective_date,amount,total keywords,computer science,internet things,cloud computing,wireless networks,cyber-physical systems,mobile devices,deep learning,machine learning,edge computing,iot devices
0,2022-01-01,601966,0.0,0.0,0.0,0.0,0.0,0.0,0.0,0.0,0.0,0.0,0.0
1,2021-10-01,184999,2.0,0.0,1.0,0.0,0.0,1.0,0.0,0.0,0.0,0.0,0.0
2,2021-10-01,93147,2.0,1.0,0.0,0.0,1.0,0.0,0.0,0.0,0.0,0.0,0.0
3,2021-10-01,114234,2.0,0.0,0.0,0.0,0.0,1.0,0.0,0.0,1.0,0.0,0.0
4,2021-10-01,299814,1.0,0.0,0.0,1.0,0.0,0.0,0.0,0.0,0.0,0.0,0.0
5,2021-10-01,499988,1.0,0.0,0.0,0.0,0.0,0.0,1.0,0.0,0.0,0.0,0.0
6,2021-10-01,92716,0.0,0.0,0.0,0.0,0.0,0.0,0.0,0.0,0.0,0.0,0.0
7,2021-10-01,117973,2.0,0.0,0.0,1.0,0.0,0.0,0.0,0.0,1.0,0.0,0.0
8,2021-10-01,109880,2.0,0.0,0.0,0.0,1.0,0.0,0.0,0.0,0.0,0.0,1.0
9,2021-10-01,105517,2.0,0.0,0.0,0.0,0.0,0.0,0.0,1.0,1.0,0.0,0.0
10,2021-10-01,200000,1.0,0.0,0.0,0.0,0.0,1.0,0.0,0.0,0.0,0.0,0.0
11,2021-10-01,100862,3.0,0.0,0.0,0.0,0.0,0.0,1.0,0.0,1.0,0.0,1.0
12,2021-10-01,500000,1.0,1.0,0.0,0.0,0.0,0.0,0.0,0.0,0.0,0.0,0.0
13,2021-10-01,97242,2.0,0.0,0.0,0.0,0.0,1.0,1.0,0.0,0.0,0.0,0.0
14,2021-10-01,500000,1.0,0.0,0.0,0.0,0.0,1.0,0.0,0.0,0.0,0.0,0.0
15,2021-10-01,499728,1.0,0.0,0.0,0.0,0.0,0.0,0.0,0.0,1.0,0.0,0.0
16,2021-10-01,250000,2.0,0.0,0.0,0.0,0.0,0.0,0.0,0.0,1.0,0.0,1.0
17,2021-10-01,1201199,2.0,1.0,0.0,0.0,0.0,0.0,0.0,0.0,1.0,0.0,0.0
18,2021-09-01,228367,0.0,0.0,0.0,0.0,0.0,0.0,0.0,0.0,0.0,0.0,0.0
19,2021-08-01,70463,1.0,0.0,0.0,0.0,0.0,0.0,0.0,0.0,1.0,0.0,0.0
20,2021-07-15,499748,3.0,0.0,0.0,0.0,0.0,1.0,0.0,1.0,1.0,0.0,0.0
21,2021-07-15,333531,2.0,0.0,0.0,0.0,0.0,1.0,0.0,0.0,1.0,0.0,0.0
22,2021-07-15,333569,5.0,1.0,0.0,1.0,0.0,1.0,0.0,1.0,1.0,0.0,0.0
23,2021-07-15,448428,4.0,0.0,1.0,0.0,0.0,1.0,0.0,0.0,1.0,1.0,0.0
24,2021-07-15,102882,1.0,0.0,0.0,0.0,0.0,0.0,0.0,0.0,1.0,0.0,0.0
25,2021-07-01,505418,1.0,0.0,0.0,0.0,0.0,0.0,0.0,0.0,1.0,0.0,0.0
26,2021-07-01,500000,0.0,0.0,0.0,0.0,0.0,0.0,0.0,0.0,0.0,0.0,0.0
27,2021-07-01,109069,3.0,0.0,0.0,0.0,1.0,0.0,1.0,0.0,0.0,0.0,1.0
28,2021-07-01,399708,0.0,0.0,0.0,0.0,0.0,0.0,0.0,0.0,0.0,0.0,0.0
29,2021-07-01,98034,2.0,1.0,0.0,0.0,0.0,0.0,0.0,0.0,1.0,0.0,0.0
30,2021-07-01,800000,2.0,0.0,1.0,0.0,1.0,0.0,0.0,0.0,0.0,0.0,0.0
31,2021-07-01,994592,3.0,1.0,0.0,0.0,0.0,1.0,0.0,0.0,1.0,0.0,0.0
32,2021-07-01,103062,3.0,1.0,1.0,0.0,0.0,1.0,0.0,0.0,0.0,0.0,0.0
33,2021-07-01,131591,1.0,0.0,0.0,0.0,0.0,1.0,0.0,0.0,0.0,0.0,0.0
34,2021-06-15,600000,4.0,1.0,0.0,0.0,1.0,0.0,1.0,0.0,1.0,0.0,0.0
35,2021-06-15,532247,2.0,1.0,0.0,0.0,0.0,0.0,0.0,0.0,1.0,0.0,0.0
36,2021-06-15,250000,1.0,0.0,0.0,0.0,1.0,0.0,0.0,0.0,0.0,0.0,0.0
37,2021-06-01,100000,2.0,0.0,1.0,0.0,0.0,0.0,0.0,0.0,0.0,0.0,1.0
38,2021-06-01,250000,2.0,1.0,0.0,0.0,0.0,0.0,0.0,1.0,0.0,0.0,0.0
39,2021-06-01,250000,1.0,0.0,0.0,0.0,0.0,0.0,0.0,0.0,1.0,0.0,0.0
40,2021-06-01,97903,1.0,0.0,0.0,0.0,0.0,1.0,0.0,0.0,0.0,0.0,0.0
41,2021-06-01,131446,1.0,0.0,0.0,0.0,0.0,0.0,0.0,0.0,1.0,0.0,0.0
42,2021-06-01,999775,3.0,1.0,0.0,0.0,0.0,1.0,0.0,0.0,1.0,0.0,0.0
43,2021-06-01,500000,0.0,0.0,0.0,0.0,0.0,0.0,0.0,0.0,0.0,0.0,0.0
44,2021-06-01,104701,2.0,0.0,0.0,0.0,0.0,0.0,0.0,1.0,1.0,0.0,0.0
45,2021-06-01,400000,2.0,0.0,1.0,0.0,0.0,0.0,0.0,0.0,1.0,0.0,0.0
46,2021-06-01,91597,3.0,0.0,1.0,0.0,0.0,0.0,0.0,1.0,1.0,0.0,0.0
47,2021-06-01,87502,1.0,0.0,0.0,0.0,0.0,1.0,0.0,0.0,0.0,0.0,0.0
48,2021-06-01,108095,0.0,0.0,0.0,0.0,0.0,0.0,0.0,0.0,0.0,0.0,0.0
49,2021-06-01,101695,1.0,0.0,0.0,0.0,0.0,1.0,0.0,0.0,0.0,0.0,0.0
50,2021-05-15,56623,2.0,1.0,0.0,0.0,0.0,1.0,0.0,0.0,0.0,0.0,0.0
51,2021-05-15,88188,2.0,0.0,0.0,0.0,1.0,0.0,0.0,0.0,0.0,1.0,0.0
52,2021-05-15,100550,2.0,0.0,0.0,0.0,0.0,0.0,1.0,0.0,1.0,0.0,0.0
53,2021-05-15,298944,4.0,1.0,1.0,1.0,0.0,0.0,0.0,0.0,0.0,0.0,1.0
54,2021-05-15,294852,0.0,0.0,0.0,0.0,0.0,0.0,0.0,0.0,0.0,0.0,0.0
55,2021-05-01,542431,2.0,1.0,0.0,0.0,0.0,0.0,0.0,1.0,0.0,0.0,0.0
56,2021-05-01,20000,2.0,0.0,1.0,0.0,1.0,0.0,0.0,0.0,0.0,0.0,0.0
57,2021-05-01,249999,3.0,0.0,0.0,1.0,0.0,1.0,0.0,0.0,1.0,0.0,0.0
58,2021-05-01,114546,2.0,0.0,1.0,0.0,0.0,0.0,0.0,1.0,0.0,0.0,0.0
59,2021-05-01,202261,2.0,1.0,0.0,0.0,0.0,1.0,0.0,0.0,0.0,0.0,0.0
60,2021-05-01,201110,4.0,1.0,0.0,1.0,0.0,0.0,0.0,1.0,1.0,0.0,0.0
61,2021-05-01,103560,1.0,0.0,0.0,0.0,0.0,0.0,1.0,0.0,0.0,0.0,0.0
62,2021-05-01,20000,1.0,0.0,0.0,0.0,0.0,0.0,0.0,0.0,1.0,0.0,0.0
63,2021-05-01,19981,2.0,0.0,0.0,0.0,0.0,1.0,0.0,0.0,1.0,0.0,0.0
64,2021-05-01,106548,0.0,0.0,0.0,0.0,0.0,0.0,0.0,0.0,0.0,0.0,0.0
65,2021-05-01,96629,3.0,0.0,0.0,0.0,0.0,1.0,0.0,1.0,1.0,0.0,0.0
66,2021-05-01,399438,1.0,1.0,0.0,0.0,0.0,0.0,0.0,0.0,0.0,0.0,0.0
67,2021-05-01,20000,1.0,0.0,1.0,0.0,0.0,0.0,0.0,0.0,0.0,0.0,0.0
68,2021-05-01,114671,1.0,1.0,0.0,0.0,0.0,0.0,0.0,0.0,0.0,0.0,0.0
69,2021-04-15,20000,2.0,0.0,0.0,0.0,0.0,0.0,0.0,1.0,1.0,0.0,0.0
70,2021-04-15,1921724,2.0,0.0,0.0,0.0,0.0,1.0,0.0,0.0,1.0,0.0,0.0
71,2021-04-15,123929,3.0,0.0,0.0,0.0,0.0,1.0,1.0,1.0,0.0,0.0,0.0
72,2021-04-15,950240,4.0,1.0,1.0,0.0,0.0,0.0,0.0,0.0,1.0,0.0,1.0
73,2021-04-01,199771,2.0,1.0,0.0,0.0,0.0,0.0,0.0,0.0,1.0,0.0,0.0
74,2021-04-01,499838,0.0,0.0,0.0,0.0,0.0,0.0,0.0,0.0,0.0,0.0,0.0
75,2021-04-01,175000,2.0,0.0,0.0,1.0,0.0,0.0,0.0,0.0,1.0,0.0,0.0
76,2021-04-01,103721,2.0,0.0,0.0,0.0,0.0,0.0,0.0,0.0,1.0,1.0,0.0
77,2021-04-01,255486,2.0,0.0,0.0,0.0,0.0,0.0,0.0,1.0,1.0,0.0,0.0
78,2021-04-01,247834,1.0,0.0,0.0,0.0,0.0,0.0,1.0,0.0,0.0,0.0,0.0
79,2021-04-01,350000,0.0,0.0,0.0,0.0,0.0,0.0,0.0,0.0,0.0,0.0,0.0
80,2021-03-15,1167034,1.0,0.0,0.0,0.0,0.0,0.0,0.0,0.0,1.0,0.0,0.0
81,2021-03-15,79067,4.0,1.0,1.0,0.0,1.0,0.0,0.0,0.0,1.0,0.0,0.0
82,2021-03-15,108067,3.0,0.0,0.0,0.0,1.0,1.0,0.0,0.0,1.0,0.0,0.0
83,2021-03-15,93855,1.0,0.0,0.0,0.0,0.0,0.0,0.0,0.0,1.0,0.0,0.0
84,2021-03-15,94125,2.0,0.0,1.0,0.0,1.0,0.0,0.0,0.0,0.0,0.0,0.0
85,2021-03-15,98078,4.0,1.0,0.0,0.0,1.0,0.0,0.0,1.0,1.0,0.0,0.0
86,2021-03-15,150000,3.0,0.0,0.0,0.0,0.0,1.0,1.0,1.0,0.0,0.0,0.0
87,2021-03-01,124681,0.0,0.0,0.0,0.0,0.0,0.0,0.0,0.0,0.0,0.0,0.0
88,2021-03-01,198735,2.0,0.0,0.0,0.0,0.0,1.0,0.0,0.0,1.0,0.0,0.0
89,2021-03-01,991322,1.0,1.0,0.0,0.0,0.0,0.0,0.0,0.0,0.0,0.0,0.0
90,2021-03-01,181584,3.0,0.0,0.0,0.0,0.0,0.0,1.0,0.0,1.0,1.0,0.0
91,2021-03-01,185591,4.0,1.0,1.0,0.0,0.0,0.0,0.0,1.0,1.0,0.0,0.0
92,2021-03-01,83779,1.0,0.0,1.0,0.0,0.0,0.0,0.0,0.0,0.0,0.0,0.0
93,2021-03-01,218921,1.0,0.0,0.0,0.0,0.0,0.0,0.0,0.0,1.0,0.0,0.0
94,2021-03-01,104325,1.0,0.0,0.0,0.0,0.0,1.0,0.0,0.0,0.0,0.0,0.0
95,2021-03-01,191101,4.0,1.0,1.0,0.0,0.0,1.0,0.0,0.0,1.0,0.0,0.0
96,2021-03-01,484644,1.0,0.0,1.0,0.0,0.0,0.0,0.0,0.0,0.0,0.0,0.0
97,2021-03-01,196533,0.0,0.0,0.0,0.0,0.0,0.0,0.0,0.0,0.0,0.0,0.0
98,2021-03-01,193114,1.0,0.0,0.0,0.0,0.0,0.0,0.0,0.0,1.0,0.0,0.0
99,2021-02-15,50000,0.0,0.0,0.0,0.0,0.0,0.0,0.0,0.0,0.0,0.0,0.0
100,2021-02-15,200000,1.0,0.0,0.0,0.0,0.0,0.0,0.0,0.0,1.0,0.0,0.0
101,2021-02-15,231642,3.0,1.0,0.0,0.0,0.0,0.0,0.0,0.0,1.0,1.0,0.0
102,2021-02-15,799999,1.0,0.0,0.0,0.0,0.0,1.0,0.0,0.0,0.0,0.0,0.0
103,2021-02-15,217894,1.0,0.0,0.0,0.0,1.0,0.0,0.0,0.0,0.0,0.0,0.0
104,2021-02-15,49932,2.0,0.0,0.0,0.0,0.0,1.0,0.0,0.0,1.0,0.0,0.0
105,2021-02-15,50000,2.0,1.0,0.0,0.0,0.0,0.0,0.0,0.0,1.0,0.0,0.0
106,2021-02-15,234198,1.0,1.0,0.0,0.0,0.0,0.0,0.0,0.0,0.0,0.0,0.0
107,2021-02-15,49899,4.0,0.0,1.0,0.0,0.0,1.0,0.0,0.0,1.0,1.0,0.0
108,2021-02-15,227025,3.0,0.0,1.0,0.0,0.0,1.0,0.0,0.0,1.0,0.0,0.0
109,2021-02-15,222911,1.0,0.0,0.0,0.0,0.0,0.0,0.0,0.0,1.0,0.0,0.0
110,2021-02-15,50000,3.0,0.0,1.0,0.0,0.0,0.0,0.0,0.0,1.0,0.0,1.0
111,2021-02-15,95400,0.0,0.0,0.0,0.0,0.0,0.0,0.0,0.0,0.0,0.0,0.0
112,2021-02-15,50000,1.0,1.0,0.0,0.0,0.0,0.0,0.0,0.0,0.0,0.0,0.0
113,2021-02-15,50000,2.0,0.0,0.0,0.0,0.0,1.0,0.0,0.0,1.0,0.0,0.0
114,2021-02-15,50000,2.0,0.0,1.0,0.0,0.0,0.0,0.0,0.0,0.0,0.0,1.0
115,2021-02-15,232839,2.0,0.0,0.0,0.0,0.0,0.0,0.0,1.0,1.0,0.0,0.0
116,2021-02-01,239897,2.0,1.0,0.0,0.0,0.0,1.0,0.0,0.0,0.0,0.0,0.0
117,2021-02-01,49954,2.0,1.0,0.0,0.0,1.0,0.0,0.0,0.0,0.0,0.0,0.0
118,2021-02-01,240000,2.0,0.0,0.0,0.0,0.0,1.0,0.0,0.0,1.0,0.0,0.0
119,2021-02-01,50000,3.0,1.0,0.0,1.0,0.0,0.0,0.0,1.0,0.0,0.0,0.0
120,2021-02-01,1200000,5.0,0.0,1.0,1.0,1.0,1.0,0.0,0.0,1.0,0.0,0.0
121,2021-01-15,49825,0.0,0.0,0.0,0.0,0.0,0.0,0.0,0.0,0.0,0.0,0.0
122,2021-01-15,50000,0.0,0.0,0.0,0.0,0.0,0.0,0.0,0.0,0.0,0.0,0.0
123,2021-01-15,49997,2.0,0.0,1.0,0.0,0.0,0.0,0.0,0.0,1.0,0.0,0.0
124,2021-01-15,50000,1.0,0.0,0.0,0.0,0.0,1.0,0.0,0.0,0.0,0.0,0.0
125,2021-01-15,50000,2.0,1.0,0.0,0.0,0.0,0.0,0.0,0.0,1.0,0.0,0.0
126,2021-01-15,50000,0.0,0.0,0.0,0.0,0.0,0.0,0.0,0.0,0.0,0.0,0.0
127,2021-01-15,49994,0.0,0.0,0.0,0.0,0.0,0.0,0.0,0.0,0.0,0.0,0.0
128,2021-01-15,49997,2.0,0.0,0.0,0.0,0.0,1.0,0.0,0.0,1.0,0.0,0.0
129,2021-01-15,49986,0.0,0.0,0.0,0.0,0.0,0.0,0.0,0.0,0.0,0.0,0.0
130,2021-01-15,50000,1.0,0.0,0.0,0.0,0.0,0.0,0.0,0.0,1.0,0.0,0.0
131,2021-01-15,49997,2.0,0.0,0.0,0.0,0.0,0.0,0.0,1.0,1.0,0.0,0.0
132,2021-01-15,49898,2.0,0.0,0.0,0.0,1.0,0.0,0.0,0.0,1.0,0.0,0.0
133,2021-01-15,49998,1.0,0.0,0.0,0.0,0.0,0.0,0.0,1.0,0.0,0.0,0.0
134,2021-01-15,49994,3.0,1.0,0.0,0.0,0.0,0.0,0.0,1.0,1.0,0.0,0.0
135,2021-01-15,50000,0.0,0.0,0.0,0.0,0.0,0.0,0.0,0.0,0.0,0.0,0.0
136,2021-01-15,49999,1.0,0.0,0.0,0.0,0.0,0.0,0.0,0.0,0.0,1.0,0.0
137,2021-01-15,49693,1.0,0.0,0.0,0.0,0.0,1.0,0.0,0.0,0.0,0.0,0.0
138,2021-01-15,50000,2.0,1.0,0.0,0.0,0.0,1.0,0.0,0.0,0.0,0.0,0.0
139,2021-01-15,49957,1.0,0.0,0.0,0.0,0.0,0.0,0.0,0.0,1.0,0.0,0.0
140,2021-01-15,46840,2.0,1.0,0.0,0.0,0.0,0.0,0.0,0.0,0.0,1.0,0.0
141,2021-01-15,49658,1.0,1.0,0.0,0.0,0.0,0.0,0.0,0.0,0.0,0.0,0.0
142,2021-01-15,49966,3.0,0.0,1.0,1.0,0.0,0.0,0.0,0.0,0.0,0.0,1.0
143,2021-01-15,50000,1.0,1.0,0.0,0.0,0.0,0.0,0.0,0.0,0.0,0.0,0.0
144,2021-01-15,49924,1.0,1.0,0.0,0.0,0.0,0.0,0.0,0.0,0.0,0.0,0.0
145,2021-01-15,50000,1.0,0.0,0.0,0.0,0.0,0.0,0.0,0.0,1.0,0.0,0.0
146,2021-01-15,50000,0.0,0.0,0.0,0.0,0.0,0.0,0.0,0.0,0.0,0.0,0.0
147,2021-01-15,149241,3.0,0.0,0.0,0.0,0.0,1.0,0.0,1.0,1.0,0.0,0.0
148,2021-01-15,49855,0.0,0.0,0.0,0.0,0.0,0.0,0.0,0.0,0.0,0.0,0.0
149,2021-01-15,49999,1.0,1.0,0.0,0.0,0.0,0.0,0.0,0.0,0.0,0.0,0.0
150,2021-01-15,50000,1.0,0.0,0.0,0.0,0.0,1.0,0.0,0.0,0.0,0.0,0.0
151,2021-01-15,50000,1.0,1.0,0.0,0.0,0.0,0.0,0.0,0.0,0.0,0.0,0.0
152,2021-01-15,41287,2.0,1.0,0.0,0.0,0.0,0.0,0.0,1.0,0.0,0.0,0.0
153,2021-01-15,49938,3.0,1.0,1.0,0.0,0.0,0.0,0.0,0.0,1.0,0.0,0.0
154,2021-01-15,50000,2.0,1.0,0.0,0.0,0.0,0.0,0.0,0.0,1.0,0.0,0.0
155,2021-01-15,49889,1.0,0.0,0.0,0.0,0.0,1.0,0.0,0.0,0.0,0.0,0.0
156,2021-01-15,49436,2.0,1.0,0.0,0.0,0.0,0.0,1.0,0.0,0.0,0.0,0.0
157,2021-01-15,49911,1.0,1.0,0.0,0.0,0.0,0.0,0.0,0.0,0.0,0.0,0.0
158,2021-01-15,49936,1.0,0.0,0.0,0.0,0.0,0.0,1.0,0.0,0.0,0.0,0.0
159,2021-01-15,50000,1.0,1.0,0.0,0.0,0.0,0.0,0.0,0.0,0.0,0.0,0.0
160,2021-01-15,265614,1.0,1.0,0.0,0.0,0.0,0.0,0.0,0.0,0.0,0.0,0.0
161,2021-01-15,49997,1.0,1.0,0.0,0.0,0.0,0.0,0.0,0.0,0.0,0.0,0.0
162,2021-01-01,227107,3.0,0.0,0.0,0.0,1.0,1.0,1.0,0.0,0.0,0.0,0.0
163,2021-01-01,299724,3.0,1.0,0.0,0.0,0.0,1.0,0.0,0.0,1.0,0.0,0.0
164,2021-01-01,699540,1.0,0.0,0.0,0.0,0.0,0.0,0.0,0.0,1.0,0.0,0.0
165,2021-01-01,995744,3.0,1.0,0.0,1.0,0.0,1.0,0.0,0.0,0.0,0.0,0.0
166,2021-01-01,1199997,1.0,0.0,0.0,0.0,0.0,0.0,0.0,0.0,1.0,0.0,0.0
167,2021-01-01,199123,1.0,1.0,0.0,0.0,0.0,0.0,0.0,0.0,0.0,0.0,0.0
168,2021-01-01,593333,2.0,0.0,0.0,0.0,0.0,0.0,0.0,0.0,1.0,1.0,0.0
169,2021-01-01,299999,1.0,1.0,0.0,0.0,0.0,0.0,0.0,0.0,0.0,0.0,0.0
170,2021-01-01,269916,4.0,1.0,0.0,0.0,0.0,1.0,0.0,1.0,0.0,1.0,0.0
171,2021-01-01,1199992,2.0,0.0,1.0,0.0,0.0,1.0,0.0,0.0,0.0,0.0,0.0
172,2021-01-01,1200000,2.0,1.0,0.0,0.0,0.0,1.0,0.0,0.0,0.0,0.0,0.0
173,2021-01-01,458591,2.0,0.0,0.0,1.0,0.0,0.0,0.0,0.0,1.0,0.0,0.0
174,2021-01-01,1199995,3.0,0.0,1.0,0.0,0.0,1.0,0.0,0.0,0.0,0.0,1.0
175,2021-01-01,1199129,3.0,1.0,1.0,0.0,0.0,0.0,0.0,0.0,1.0,0.0,0.0
176,2021-01-01,1200000,4.0,1.0,0.0,1.0,0.0,1.0,0.0,0.0,1.0,0.0,0.0
177,2021-01-01,799936,2.0,1.0,0.0,0.0,0.0,0.0,0.0,0.0,1.0,0.0,0.0
178,2020-11-01,718741,2.0,1.0,0.0,0.0,0.0,0.0,0.0,0.0,0.0,1.0,0.0
179,2020-11-01,299848,1.0,1.0,0.0,0.0,0.0,0.0,0.0,0.0,0.0,0.0,0.0
180,2020-11-01,38688,4.0,1.0,0.0,0.0,0.0,1.0,0.0,1.0,1.0,0.0,0.0
181,2020-11-01,1999998,4.0,1.0,0.0,0.0,0.0,1.0,0.0,1.0,1.0,0.0,0.0
182,2020-11-01,259620,3.0,1.0,0.0,0.0,0.0,0.0,0.0,1.0,1.0,0.0,0.0
183,2020-11-01,1998488,4.0,1.0,0.0,0.0,0.0,1.0,1.0,0.0,1.0,0.0,0.0
184,2020-10-01,213056,2.0,1.0,0.0,0.0,0.0,1.0,0.0,0.0,0.0,0.0,0.0
185,2020-10-01,150000,2.0,1.0,0.0,0.0,0.0,0.0,0.0,0.0,1.0,0.0,0.0
186,2020-10-01,257049,3.0,0.0,1.0,0.0,0.0,0.0,0.0,0.0,1.0,1.0,0.0
187,2020-10-01,298128,2.0,1.0,0.0,0.0,0.0,1.0,0.0,0.0,0.0,0.0,0.0
188,2020-10-01,270000,0.0,0.0,0.0,0.0,0.0,0.0,0.0,0.0,0.0,0.0,0.0
189,2020-10-01,585000,3.0,0.0,0.0,1.0,0.0,1.0,0.0,0.0,0.0,1.0,0.0
190,2020-10-01,75000,2.0,1.0,0.0,0.0,0.0,1.0,0.0,0.0,0.0,0.0,0.0
191,2020-10-01,1444394,2.0,0.0,0.0,0.0,0.0,0.0,0.0,1.0,1.0,0.0,0.0
192,2020-10-01,99948,1.0,0.0,0.0,0.0,0.0,0.0,0.0,0.0,1.0,0.0,0.0
193,2020-10-01,446460,1.0,1.0,0.0,0.0,0.0,0.0,0.0,0.0,0.0,0.0,0.0
194,2020-10-01,2253253,0.0,0.0,0.0,0.0,0.0,0.0,0.0,0.0,0.0,0.0,0.0
195,2020-10-01,596034,2.0,0.0,0.0,0.0,0.0,1.0,0.0,0.0,1.0,0.0,0.0
196,2020-10-01,299173,3.0,0.0,0.0,0.0,0.0,1.0,0.0,1.0,0.0,1.0,0.0
197,2020-10-01,194360,0.0,0.0,0.0,0.0,0.0,0.0,0.0,0.0,0.0,0.0,0.0
198,2020-10-01,300000,1.0,1.0,0.0,0.0,0.0,0.0,0.0,0.0,0.0,0.0,0.0
199,2020-10-01,300000,1.0,0.0,0.0,1.0,0.0,0.0,0.0,0.0,0.0,0.0,0.0
200,2020-10-01,483432,1.0,0.0,0.0,0.0,0.0,1.0,0.0,0.0,0.0,0.0,0.0
201,2020-10-01,292467,3.0,1.0,1.0,0.0,0.0,0.0,0.0,0.0,0.0,1.0,0.0
202,2020-10-01,200000,2.0,0.0,0.0,0.0,0.0,0.0,0.0,1.0,1.0,0.0,0.0
203,2020-10-01,998849,3.0,1.0,0.0,0.0,0.0,1.0,0.0,0.0,1.0,0.0,0.0
204,2020-10-01,296630,1.0,1.0,0.0,0.0,0.0,0.0,0.0,0.0,0.0,0.0,0.0
205,2020-10-01,258161,2.0,1.0,0.0,0.0,0.0,1.0,0.0,0.0,0.0,0.0,0.0
206,2020-10-01,600000,1.0,0.0,0.0,0.0,0.0,1.0,0.0,0.0,0.0,0.0,0.0
207,2020-10-01,1499132,4.0,1.0,0.0,1.0,0.0,0.0,0.0,1.0,1.0,0.0,0.0
208,2020-10-01,149961,1.0,0.0,0.0,0.0,0.0,0.0,0.0,0.0,1.0,0.0,0.0
209,2020-10-01,479889,5.0,0.0,1.0,1.0,0.0,0.0,1.0,0.0,1.0,1.0,0.0
210,2020-10-01,250000,4.0,0.0,1.0,0.0,1.0,0.0,0.0,0.0,1.0,0.0,1.0
211,2020-10-01,249994,3.0,0.0,0.0,1.0,1.0,0.0,0.0,0.0,0.0,1.0,0.0
212,2020-10-01,249840,4.0,0.0,1.0,1.0,0.0,0.0,1.0,0.0,0.0,0.0,1.0
213,2020-10-01,500000,3.0,1.0,1.0,0.0,0.0,0.0,0.0,0.0,0.0,0.0,1.0
214,2020-10-01,225000,2.0,1.0,1.0,0.0,0.0,0.0,0.0,0.0,0.0,0.0,0.0
215,2020-10-01,497693,0.0,0.0,0.0,0.0,0.0,0.0,0.0,0.0,0.0,0.0,0.0
216,2020-10-01,100000,1.0,0.0,0.0,0.0,0.0,0.0,1.0,0.0,0.0,0.0,0.0
217,2020-10-01,230000,1.0,0.0,0.0,0.0,1.0,0.0,0.0,0.0,0.0,0.0,0.0
218,2020-10-01,499999,4.0,0.0,1.0,0.0,0.0,0.0,0.0,1.0,1.0,0.0,1.0
219,2020-10-01,428404,2.0,1.0,0.0,0.0,0.0,0.0,0.0,0.0,1.0,0.0,0.0
220,2020-10-01,250000,0.0,0.0,0.0,0.0,0.0,0.0,0.0,0.0,0.0,0.0,0.0
221,2020-10-01,496925,1.0,0.0,0.0,0.0,0.0,0.0,0.0,0.0,0.0,1.0,0.0
222,2020-10-01,142500,2.0,0.0,0.0,1.0,0.0,0.0,0.0,0.0,0.0,1.0,0.0
223,2020-10-01,499000,7.0,0.0,1.0,1.0,0.0,0.0,1.0,1.0,1.0,1.0,1.0
224,2020-10-01,500000,6.0,1.0,1.0,0.0,0.0,0.0,1.0,0.0,1.0,1.0,1.0
225,2020-10-01,249687,2.0,1.0,0.0,0.0,0.0,0.0,0.0,0.0,1.0,0.0,0.0
226,2020-10-01,249999,3.0,1.0,1.0,0.0,0.0,0.0,0.0,0.0,0.0,1.0,0.0
227,2020-10-01,483316,2.0,0.0,0.0,0.0,1.0,0.0,1.0,0.0,0.0,0.0,0.0
228,2020-10-01,499980,1.0,0.0,1.0,0.0,0.0,0.0,0.0,0.0,0.0,0.0,0.0
229,2020-10-01,500000,1.0,0.0,1.0,0.0,0.0,0.0,0.0,0.0,0.0,0.0,0.0
230,2020-10-01,250000,2.0,0.0,1.0,0.0,0.0,0.0,0.0,0.0,0.0,0.0,1.0
231,2020-10-01,150000,1.0,0.0,0.0,0.0,0.0,1.0,0.0,0.0,0.0,0.0,0.0
232,2020-10-01,459982,3.0,0.0,1.0,0.0,1.0,0.0,0.0,0.0,1.0,0.0,0.0
233,2020-10-01,250000,3.0,0.0,0.0,1.0,1.0,0.0,0.0,0.0,1.0,0.0,0.0
234,2020-10-01,479842,1.0,0.0,0.0,0.0,0.0,0.0,0.0,1.0,0.0,0.0,0.0
235,2020-10-01,214996,1.0,0.0,0.0,0.0,0.0,0.0,1.0,0.0,0.0,0.0,0.0
236,2020-10-01,270000,2.0,0.0,0.0,0.0,1.0,0.0,0.0,0.0,1.0,0.0,0.0
237,2020-10-01,465000,5.0,1.0,1.0,0.0,1.0,0.0,1.0,0.0,0.0,0.0,1.0
238,2020-10-01,333500,2.0,1.0,0.0,0.0,0.0,0.0,0.0,0.0,1.0,0.0,0.0
239,2020-10-01,149998,2.0,1.0,0.0,0.0,0.0,1.0,0.0,0.0,0.0,0.0,0.0
240,2020-10-01,496595,1.0,0.0,0.0,0.0,0.0,0.0,0.0,0.0,1.0,0.0,0.0
241,2020-10-01,488277,0.0,0.0,0.0,0.0,0.0,0.0,0.0,0.0,0.0,0.0,0.0
242,2020-10-01,420508,4.0,0.0,1.0,0.0,1.0,0.0,1.0,0.0,1.0,0.0,0.0
243,2020-10-01,499946,3.0,0.0,0.0,1.0,0.0,0.0,0.0,0.0,1.0,1.0,0.0
244,2020-10-01,500000,0.0,0.0,0.0,0.0,0.0,0.0,0.0,0.0,0.0,0.0,0.0
245,2020-10-01,250000,2.0,0.0,0.0,1.0,0.0,0.0,0.0,0.0,0.0,0.0,1.0
246,2020-10-01,499986,3.0,1.0,0.0,1.0,0.0,0.0,0.0,0.0,1.0,0.0,0.0
247,2020-10-01,150000,2.0,0.0,0.0,0.0,0.0,1.0,0.0,0.0,1.0,0.0,0.0
248,2020-10-01,496347,1.0,0.0,0.0,1.0,0.0,0.0,0.0,0.0,0.0,0.0,0.0
249,2020-10-01,494073,1.0,0.0,0.0,0.0,0.0,0.0,0.0,0.0,1.0,0.0,0.0
250,2020-10-01,499737,2.0,0.0,0.0,0.0,1.0,0.0,0.0,0.0,1.0,0.0,0.0
251,2020-10-01,417336,1.0,0.0,0.0,1.0,0.0,0.0,0.0,0.0,0.0,0.0,0.0
252,2020-10-01,499976,3.0,0.0,0.0,1.0,0.0,0.0,0.0,1.0,1.0,0.0,0.0
253,2020-10-01,150000,2.0,1.0,0.0,0.0,0.0,0.0,0.0,0.0,1.0,0.0,0.0
254,2020-10-01,149946,2.0,0.0,0.0,0.0,0.0,0.0,0.0,1.0,1.0,0.0,0.0
255,2020-10-01,149511,3.0,1.0,0.0,0.0,0.0,0.0,0.0,0.0,1.0,1.0,0.0
256,2020-10-01,200000,3.0,0.0,1.0,0.0,0.0,0.0,0.0,0.0,1.0,0.0,1.0
257,2020-10-01,2499967,4.0,1.0,1.0,0.0,0.0,1.0,0.0,0.0,1.0,0.0,0.0
258,2020-10-01,1997764,2.0,0.0,1.0,0.0,0.0,0.0,0.0,1.0,0.0,0.0,0.0
259,2020-10-01,150000,2.0,0.0,0.0,0.0,0.0,0.0,0.0,1.0,1.0,0.0,0.0
260,2020-10-01,149998,1.0,0.0,0.0,0.0,0.0,0.0,0.0,0.0,1.0,0.0,0.0
261,2020-10-01,150000,1.0,0.0,0.0,0.0,0.0,0.0,0.0,0.0,1.0,0.0,0.0
262,2020-10-01,149967,2.0,0.0,0.0,1.0,0.0,0.0,0.0,0.0,1.0,0.0,0.0
263,2020-10-01,1499038,2.0,1.0,0.0,0.0,0.0,0.0,0.0,0.0,1.0,0.0,0.0
264,2020-10-01,150000,3.0,0.0,0.0,0.0,1.0,0.0,1.0,0.0,0.0,0.0,1.0
265,2020-10-01,150000,3.0,0.0,0.0,0.0,0.0,0.0,1.0,0.0,1.0,0.0,1.0
266,2020-10-01,75000,2.0,0.0,0.0,0.0,0.0,0.0,0.0,0.0,1.0,1.0,0.0
267,2020-10-01,1200000,1.0,0.0,0.0,1.0,0.0,0.0,0.0,0.0,0.0,0.0,0.0
268,2020-10-01,1800000,4.0,1.0,1.0,0.0,0.0,0.0,0.0,1.0,1.0,0.0,0.0
269,2020-10-01,149305,1.0,0.0,0.0,0.0,0.0,1.0,0.0,0.0,0.0,0.0,0.0
270,2020-10-01,640348,1.0,0.0,0.0,0.0,0.0,0.0,0.0,0.0,1.0,0.0,0.0
271,2020-10-01,1200000,0.0,0.0,0.0,0.0,0.0,0.0,0.0,0.0,0.0,0.0,0.0
272,2020-10-01,750000,3.0,0.0,1.0,0.0,0.0,0.0,1.0,0.0,0.0,0.0,1.0
273,2020-10-01,150000,2.0,0.0,0.0,0.0,0.0,0.0,1.0,0.0,1.0,0.0,0.0
274,2020-10-01,300000,0.0,0.0,0.0,0.0,0.0,0.0,0.0,0.0,0.0,0.0,0.0
275,2020-10-01,150000,1.0,0.0,0.0,0.0,0.0,0.0,1.0,0.0,0.0,0.0,0.0
276,2020-10-01,150000,3.0,0.0,1.0,0.0,0.0,0.0,0.0,1.0,1.0,0.0,0.0
277,2020-10-01,499999,2.0,1.0,0.0,0.0,0.0,0.0,0.0,0.0,1.0,0.0,0.0
278,2020-10-01,500000,1.0,0.0,0.0,0.0,0.0,0.0,0.0,0.0,0.0,0.0,1.0
279,2020-10-01,200000,3.0,0.0,0.0,0.0,1.0,0.0,1.0,0.0,1.0,0.0,0.0
280,2020-10-01,249968,2.0,0.0,0.0,0.0,0.0,0.0,0.0,0.0,1.0,1.0,0.0
281,2020-10-01,389418,1.0,0.0,0.0,0.0,0.0,1.0,0.0,0.0,0.0,0.0,0.0
282,2020-10-01,166561,3.0,0.0,0.0,0.0,1.0,0.0,0.0,1.0,0.0,1.0,0.0
283,2020-10-01,249861,2.0,0.0,0.0,0.0,0.0,0.0,0.0,0.0,1.0,0.0,1.0
284,2020-10-01,500000,4.0,0.0,1.0,0.0,1.0,1.0,0.0,0.0,0.0,1.0,0.0
285,2020-10-01,305999,6.0,0.0,1.0,1.0,1.0,0.0,0.0,0.0,1.0,1.0,1.0
286,2020-10-01,249885,2.0,0.0,0.0,1.0,0.0,0.0,1.0,0.0,0.0,0.0,0.0
287,2020-10-01,150000,1.0,0.0,0.0,0.0,0.0,1.0,0.0,0.0,0.0,0.0,0.0
288,2020-10-01,499854,1.0,0.0,0.0,0.0,0.0,1.0,0.0,0.0,0.0,0.0,0.0
289,2020-10-01,249925,2.0,1.0,0.0,0.0,0.0,0.0,0.0,0.0,1.0,0.0,0.0
290,2020-10-01,1122749,0.0,0.0,0.0,0.0,0.0,0.0,0.0,0.0,0.0,0.0,0.0
291,2020-10-01,141825,0.0,0.0,0.0,0.0,0.0,0.0,0.0,0.0,0.0,0.0,0.0
292,2020-10-01,1700126,1.0,0.0,1.0,0.0,0.0,0.0,0.0,0.0,0.0,0.0,0.0
293,2020-10-01,140421,0.0,0.0,0.0,0.0,0.0,0.0,0.0,0.0,0.0,0.0,0.0
294,2020-10-01,499999,6.0,0.0,0.0,1.0,1.0,0.0,1.0,1.0,1.0,1.0,0.0
295,2020-10-01,149896,4.0,1.0,0.0,0.0,1.0,0.0,0.0,1.0,1.0,0.0,0.0
296,2020-10-01,499892,1.0,0.0,0.0,0.0,1.0,0.0,0.0,0.0,0.0,0.0,0.0
297,2020-10-01,449651,2.0,0.0,0.0,1.0,0.0,0.0,0.0,0.0,1.0,0.0,0.0
298,2020-10-01,500000,1.0,0.0,0.0,0.0,0.0,0.0,0.0,0.0,1.0,0.0,0.0
299,2020-10-01,999947,1.0,1.0,0.0,0.0,0.0,0.0,0.0,0.0,0.0,0.0,0.0
300,2020-10-01,244742,4.0,0.0,0.0,1.0,1.0,0.0,1.0,0.0,1.0,0.0,0.0
301,2020-10-01,1200000,1.0,1.0,0.0,0.0,0.0,0.0,0.0,0.0,0.0,0.0,0.0
302,2020-10-01,499999,2.0,0.0,0.0,0.0,0.0,0.0,0.0,0.0,1.0,0.0,1.0
303,2020-10-01,149932,6.0,0.0,1.0,0.0,1.0,0.0,1.0,1.0,1.0,0.0,1.0
304,2020-10-01,150000,2.0,0.0,1.0,0.0,0.0,0.0,0.0,0.0,0.0,0.0,1.0
305,2020-10-01,455362,1.0,0.0,1.0,0.0,0.0,0.0,0.0,0.0,0.0,0.0,0.0
306,2020-10-01,1191106,1.0,0.0,0.0,0.0,0.0,0.0,0.0,0.0,1.0,0.0,0.0
307,2020-10-01,146142,1.0,0.0,0.0,0.0,0.0,0.0,0.0,0.0,1.0,0.0,0.0
308,2020-10-01,250000,0.0,0.0,0.0,0.0,0.0,0.0,0.0,0.0,0.0,0.0,0.0
309,2020-10-01,128975,2.0,0.0,1.0,0.0,0.0,0.0,0.0,0.0,1.0,0.0,0.0
310,2020-10-01,403352,2.0,1.0,0.0,0.0,0.0,0.0,0.0,1.0,0.0,0.0,0.0
311,2020-10-01,500000,2.0,1.0,0.0,0.0,0.0,0.0,0.0,0.0,1.0,0.0,0.0
312,2020-10-01,1200000,2.0,1.0,1.0,0.0,0.0,0.0,0.0,0.0,0.0,0.0,0.0
313,2020-10-01,321347,2.0,0.0,1.0,0.0,0.0,1.0,0.0,0.0,0.0,0.0,0.0
314,2020-10-01,499988,2.0,1.0,0.0,0.0,0.0,0.0,0.0,0.0,1.0,0.0,0.0
315,2020-10-01,500000,1.0,1.0,0.0,0.0,0.0,0.0,0.0,0.0,0.0,0.0,0.0
316,2020-10-01,114253,1.0,1.0,0.0,0.0,0.0,0.0,0.0,0.0,0.0,0.0,0.0
317,2020-10-01,250000,3.0,1.0,0.0,0.0,0.0,0.0,0.0,1.0,1.0,0.0,0.0
318,2020-10-01,300000,3.0,0.0,1.0,0.0,1.0,0.0,0.0,0.0,0.0,0.0,1.0
319,2020-10-01,406192,1.0,0.0,0.0,0.0,0.0,0.0,0.0,0.0,1.0,0.0,0.0
320,2020-10-01,349930,1.0,0.0,0.0,0.0,0.0,0.0,0.0,0.0,1.0,0.0,0.0
321,2020-10-01,400571,1.0,0.0,0.0,0.0,0.0,0.0,0.0,0.0,1.0,0.0,0.0
322,2020-10-01,499979,0.0,0.0,0.0,0.0,0.0,0.0,0.0,0.0,0.0,0.0,0.0
323,2020-10-01,500000,2.0,0.0,0.0,0.0,0.0,1.0,0.0,0.0,1.0,0.0,0.0
324,2020-10-01,141739,2.0,0.0,0.0,0.0,0.0,0.0,0.0,1.0,1.0,0.0,0.0
325,2020-10-01,768964,1.0,1.0,0.0,0.0,0.0,0.0,0.0,0.0,0.0,0.0,0.0
326,2020-10-01,800000,4.0,1.0,0.0,0.0,1.0,0.0,1.0,0.0,1.0,0.0,0.0
327,2020-10-01,483437,2.0,0.0,0.0,0.0,0.0,0.0,0.0,0.0,1.0,0.0,1.0
328,2020-10-01,399700,2.0,0.0,0.0,0.0,0.0,1.0,0.0,0.0,1.0,0.0,0.0
329,2020-10-01,106071,2.0,1.0,0.0,0.0,0.0,0.0,0.0,0.0,1.0,0.0,0.0
330,2020-10-01,572540,5.0,1.0,0.0,1.0,0.0,1.0,0.0,1.0,1.0,0.0,0.0
331,2020-10-01,611811,2.0,0.0,0.0,1.0,0.0,0.0,0.0,0.0,1.0,0.0,0.0
332,2020-10-01,669589,1.0,0.0,0.0,0.0,0.0,1.0,0.0,0.0,0.0,0.0,0.0
333,2020-10-01,300000,2.0,0.0,1.0,0.0,1.0,0.0,0.0,0.0,0.0,0.0,0.0
334,2020-10-01,553693,2.0,0.0,0.0,0.0,1.0,0.0,0.0,0.0,0.0,1.0,0.0
335,2020-10-01,200000,1.0,0.0,0.0,0.0,0.0,0.0,0.0,0.0,1.0,0.0,0.0
336,2020-10-01,375000,5.0,0.0,1.0,1.0,0.0,0.0,1.0,0.0,1.0,0.0,1.0
337,2020-10-01,175000,2.0,0.0,0.0,1.0,0.0,0.0,0.0,0.0,1.0,0.0,0.0
338,2020-10-01,7603075,3.0,1.0,1.0,1.0,0.0,0.0,0.0,0.0,0.0,0.0,0.0
339,2020-10-01,149998,4.0,1.0,1.0,1.0,0.0,0.0,0.0,0.0,0.0,1.0,0.0
340,2020-10-01,447086,2.0,1.0,0.0,0.0,0.0,0.0,0.0,0.0,0.0,0.0,1.0
341,2020-10-01,599976,3.0,1.0,0.0,0.0,0.0,0.0,0.0,1.0,1.0,0.0,0.0
342,2020-10-01,700000,2.0,1.0,0.0,0.0,0.0,0.0,0.0,0.0,1.0,0.0,0.0
343,2020-10-01,206371,3.0,1.0,0.0,1.0,0.0,0.0,0.0,1.0,0.0,0.0,0.0
344,2020-10-01,499920,1.0,0.0,1.0,0.0,0.0,0.0,0.0,0.0,0.0,0.0,0.0
345,2020-10-01,50000,2.0,0.0,0.0,0.0,0.0,0.0,0.0,1.0,1.0,0.0,0.0
346,2020-10-01,100000,4.0,1.0,0.0,0.0,0.0,1.0,0.0,0.0,1.0,1.0,0.0
347,2020-10-01,206793,2.0,1.0,0.0,0.0,0.0,0.0,1.0,0.0,0.0,0.0,0.0
348,2020-10-01,599993,1.0,0.0,0.0,0.0,0.0,1.0,0.0,0.0,0.0,0.0,0.0
349,2020-10-01,109918,2.0,0.0,0.0,0.0,1.0,0.0,0.0,0.0,1.0,0.0,0.0
350,2020-10-01,388194,3.0,0.0,0.0,0.0,1.0,1.0,0.0,0.0,1.0,0.0,0.0
351,2020-10-01,149014,1.0,0.0,0.0,0.0,0.0,0.0,0.0,0.0,1.0,0.0,0.0
352,2020-10-01,224030,4.0,1.0,1.0,0.0,0.0,0.0,0.0,0.0,1.0,0.0,1.0
353,2020-10-01,499928,0.0,0.0,0.0,0.0,0.0,0.0,0.0,0.0,0.0,0.0,0.0
354,2020-10-01,500000,4.0,0.0,1.0,0.0,0.0,0.0,0.0,1.0,1.0,0.0,1.0
355,2020-10-01,500000,3.0,0.0,0.0,1.0,0.0,1.0,0.0,0.0,1.0,0.0,0.0
356,2020-10-01,172235,3.0,0.0,1.0,1.0,0.0,0.0,0.0,0.0,0.0,0.0,1.0
357,2020-10-01,174109,4.0,1.0,1.0,0.0,1.0,0.0,0.0,0.0,1.0,0.0,0.0
358,2020-10-01,500000,3.0,0.0,1.0,0.0,0.0,0.0,0.0,0.0,1.0,1.0,0.0
359,2020-10-01,284985,0.0,0.0,0.0,0.0,0.0,0.0,0.0,0.0,0.0,0.0,0.0
360,2020-10-01,15000,2.0,0.0,1.0,1.0,0.0,0.0,0.0,0.0,0.0,0.0,0.0
361,2020-10-01,674801,3.0,0.0,0.0,0.0,0.0,0.0,1.0,0.0,1.0,0.0,1.0
362,2020-10-01,499130,2.0,0.0,1.0,0.0,0.0,1.0,0.0,0.0,0.0,0.0,0.0
363,2020-10-01,300079,3.0,0.0,0.0,1.0,0.0,0.0,0.0,1.0,1.0,0.0,0.0
364,2020-10-01,500000,4.0,1.0,0.0,0.0,1.0,0.0,0.0,1.0,1.0,0.0,0.0
365,2020-10-01,100000,3.0,1.0,0.0,0.0,0.0,0.0,1.0,0.0,1.0,0.0,0.0
366,2020-10-01,551682,2.0,0.0,0.0,0.0,0.0,0.0,0.0,1.0,1.0,0.0,0.0
367,2020-10-01,699077,1.0,0.0,0.0,0.0,0.0,0.0,0.0,0.0,1.0,0.0,0.0
368,2020-10-01,210794,1.0,1.0,0.0,0.0,0.0,0.0,0.0,0.0,0.0,0.0,0.0
369,2020-10-01,2610307,3.0,0.0,1.0,0.0,0.0,1.0,0.0,0.0,1.0,0.0,0.0
370,2020-10-01,600000,3.0,1.0,0.0,0.0,0.0,0.0,0.0,1.0,1.0,0.0,0.0
371,2020-10-01,398945,2.0,1.0,0.0,0.0,0.0,0.0,0.0,0.0,1.0,0.0,0.0
372,2020-10-01,651000,2.0,0.0,0.0,0.0,0.0,0.0,0.0,1.0,1.0,0.0,0.0
373,2020-10-01,400000,2.0,0.0,0.0,0.0,0.0,1.0,0.0,0.0,1.0,0.0,0.0
374,2020-10-01,399986,0.0,0.0,0.0,0.0,0.0,0.0,0.0,0.0,0.0,0.0,0.0
375,2020-09-01,358970,4.0,0.0,0.0,0.0,0.0,0.0,0.0,1.0,1.0,1.0,1.0
376,2020-09-01,222444,1.0,1.0,0.0,0.0,0.0,0.0,0.0,0.0,0.0,0.0,0.0
377,2020-09-01,1211500,5.0,0.0,1.0,0.0,0.0,0.0,0.0,1.0,1.0,1.0,1.0
378,2020-09-01,213632,0.0,0.0,0.0,0.0,0.0,0.0,0.0,0.0,0.0,0.0,0.0
379,2020-09-01,500000,1.0,0.0,0.0,1.0,0.0,0.0,0.0,0.0,0.0,0.0,0.0
380,2020-09-01,197598,2.0,1.0,0.0,0.0,0.0,0.0,0.0,0.0,0.0,1.0,0.0
381,2020-09-01,212504,4.0,0.0,1.0,0.0,0.0,1.0,0.0,0.0,1.0,1.0,0.0
382,2020-08-22,15000,2.0,0.0,0.0,1.0,0.0,1.0,0.0,0.0,0.0,0.0,0.0
383,2020-08-16,152097,2.0,0.0,0.0,0.0,1.0,0.0,0.0,0.0,0.0,1.0,0.0
384,2020-08-15,106506,3.0,1.0,0.0,0.0,0.0,1.0,0.0,0.0,1.0,0.0,0.0
385,2020-08-15,150000,0.0,0.0,0.0,0.0,0.0,0.0,0.0,0.0,0.0,0.0,0.0
386,2020-08-15,244239,1.0,0.0,0.0,0.0,0.0,0.0,0.0,0.0,1.0,0.0,0.0
387,2020-08-10,148664,2.0,1.0,0.0,0.0,0.0,1.0,0.0,0.0,0.0,0.0,0.0
388,2020-08-01,149351,0.0,0.0,0.0,0.0,0.0,0.0,0.0,0.0,0.0,0.0,0.0
389,2020-08-01,274352,5.0,0.0,1.0,1.0,0.0,0.0,1.0,0.0,1.0,0.0,1.0
390,2020-08-01,560000,0.0,0.0,0.0,0.0,0.0,0.0,0.0,0.0,0.0,0.0,0.0
391,2020-08-01,349999,2.0,0.0,1.0,0.0,0.0,0.0,0.0,0.0,0.0,0.0,1.0
392,2020-08-01,270146,2.0,0.0,0.0,0.0,1.0,0.0,0.0,0.0,1.0,0.0,0.0
393,2020-08-01,223334,2.0,0.0,0.0,0.0,0.0,0.0,0.0,1.0,1.0,0.0,0.0
394,2020-08-01,248338,0.0,0.0,0.0,0.0,0.0,0.0,0.0,0.0,0.0,0.0,0.0
395,2020-08-01,450000,2.0,0.0,1.0,0.0,0.0,0.0,0.0,0.0,0.0,0.0,1.0
396,2020-08-01,269854,3.0,0.0,0.0,0.0,1.0,1.0,0.0,0.0,1.0,0.0,0.0
397,2020-08-01,222334,6.0,1.0,1.0,1.0,0.0,0.0,0.0,1.0,1.0,0.0,1.0
398,2020-08-01,56638,3.0,0.0,1.0,0.0,0.0,0.0,0.0,0.0,1.0,1.0,0.0
399,2020-07-15,500000,2.0,0.0,0.0,0.0,1.0,0.0,1.0,0.0,0.0,0.0,0.0
400,2020-07-15,980661,3.0,0.0,1.0,0.0,0.0,0.0,0.0,0.0,1.0,1.0,0.0
401,2020-07-15,50000,4.0,1.0,1.0,0.0,1.0,0.0,0.0,0.0,0.0,0.0,1.0
402,2020-07-15,250000,2.0,1.0,0.0,0.0,0.0,0.0,0.0,1.0,0.0,0.0,0.0
403,2020-07-15,75000,4.0,0.0,1.0,0.0,1.0,1.0,0.0,0.0,1.0,0.0,0.0
404,2020-07-15,150000,1.0,0.0,0.0,0.0,0.0,1.0,0.0,0.0,0.0,0.0,0.0
405,2020-07-15,75000,1.0,0.0,0.0,0.0,0.0,0.0,0.0,1.0,0.0,0.0,0.0
406,2020-07-15,299999,1.0,0.0,0.0,0.0,0.0,1.0,0.0,0.0,0.0,0.0,0.0
407,2020-07-15,409871,1.0,0.0,0.0,0.0,1.0,0.0,0.0,0.0,0.0,0.0,0.0
408,2020-07-15,75485,1.0,1.0,0.0,0.0,0.0,0.0,0.0,0.0,0.0,0.0,0.0
409,2020-07-15,106080,3.0,1.0,0.0,0.0,0.0,0.0,0.0,1.0,1.0,0.0,0.0
410,2020-07-15,149395,1.0,1.0,0.0,0.0,0.0,0.0,0.0,0.0,0.0,0.0,0.0
411,2020-07-15,209887,2.0,0.0,0.0,0.0,0.0,0.0,0.0,1.0,1.0,0.0,0.0
412,2020-07-15,471808,5.0,0.0,0.0,1.0,1.0,0.0,1.0,0.0,1.0,1.0,0.0
413,2020-07-15,95196,1.0,1.0,0.0,0.0,0.0,0.0,0.0,0.0,0.0,0.0,0.0
414,2020-07-15,24793,2.0,1.0,0.0,0.0,0.0,0.0,0.0,1.0,0.0,0.0,0.0
415,2020-07-08,160035,5.0,1.0,0.0,0.0,1.0,1.0,0.0,1.0,1.0,0.0,0.0
416,2020-07-01,356349,1.0,0.0,0.0,0.0,0.0,0.0,0.0,0.0,1.0,0.0,0.0
417,2020-07-01,243124,1.0,1.0,0.0,0.0,0.0,0.0,0.0,0.0,0.0,0.0,0.0
418,2020-07-01,194384,1.0,1.0,0.0,0.0,0.0,0.0,0.0,0.0,0.0,0.0,0.0
419,2020-07-01,150000,2.0,0.0,1.0,0.0,1.0,0.0,0.0,0.0,0.0,0.0,0.0
420,2020-07-01,74975,0.0,0.0,0.0,0.0,0.0,0.0,0.0,0.0,0.0,0.0,0.0
421,2020-07-01,197888,1.0,0.0,0.0,0.0,0.0,0.0,0.0,0.0,1.0,0.0,0.0
422,2020-07-01,210000,4.0,0.0,1.0,0.0,0.0,0.0,1.0,0.0,1.0,0.0,1.0
423,2020-07-01,300000,5.0,0.0,1.0,0.0,0.0,0.0,1.0,1.0,1.0,0.0,1.0
424,2020-07-01,237998,1.0,1.0,0.0,0.0,0.0,0.0,0.0,0.0,0.0,0.0,0.0
425,2020-07-01,183053,1.0,0.0,0.0,0.0,0.0,1.0,0.0,0.0,0.0,0.0,0.0
426,2020-07-01,300000,5.0,0.0,0.0,0.0,1.0,1.0,1.0,1.0,1.0,0.0,0.0
427,2020-07-01,446667,3.0,1.0,0.0,0.0,1.0,0.0,0.0,1.0,0.0,0.0,0.0
428,2020-07-01,202951,1.0,1.0,0.0,0.0,0.0,0.0,0.0,0.0,0.0,0.0,0.0
429,2020-07-01,60000,3.0,0.0,1.0,0.0,0.0,0.0,0.0,0.0,1.0,0.0,1.0
430,2020-07-01,261966,2.0,0.0,0.0,0.0,0.0,0.0,0.0,1.0,1.0,0.0,0.0
431,2020-07-01,223792,1.0,0.0,0.0,0.0,0.0,1.0,0.0,0.0,0.0,0.0,0.0
432,2020-07-01,200000,1.0,0.0,0.0,0.0,0.0,0.0,0.0,1.0,0.0,0.0,0.0
433,2020-07-01,199917,0.0,0.0,0.0,0.0,0.0,0.0,0.0,0.0,0.0,0.0,0.0
434,2020-07-01,49771,1.0,0.0,0.0,0.0,0.0,0.0,0.0,0.0,1.0,0.0,0.0
435,2020-07-01,500000,1.0,1.0,0.0,0.0,0.0,0.0,0.0,0.0,0.0,0.0,0.0
436,2020-07-01,199303,1.0,0.0,0.0,0.0,0.0,0.0,0.0,0.0,1.0,0.0,0.0
437,2020-07-01,298404,0.0,0.0,0.0,0.0,0.0,0.0,0.0,0.0,0.0,0.0,0.0
438,2020-07-01,150000,3.0,0.0,1.0,1.0,0.0,0.0,0.0,0.0,0.0,0.0,1.0
439,2020-07-01,133100,1.0,1.0,0.0,0.0,0.0,0.0,0.0,0.0,0.0,0.0,0.0
440,2020-07-01,149439,1.0,1.0,0.0,0.0,0.0,0.0,0.0,0.0,0.0,0.0,0.0
441,2020-07-01,200000,1.0,1.0,0.0,0.0,0.0,0.0,0.0,0.0,0.0,0.0,0.0
442,2020-07-01,325886,2.0,0.0,0.0,0.0,0.0,0.0,0.0,1.0,1.0,0.0,0.0
443,2020-07-01,299775,1.0,1.0,0.0,0.0,0.0,0.0,0.0,0.0,0.0,0.0,0.0
444,2020-07-01,100000,0.0,0.0,0.0,0.0,0.0,0.0,0.0,0.0,0.0,0.0,0.0
445,2020-07-01,144325,2.0,0.0,0.0,0.0,1.0,0.0,0.0,0.0,0.0,1.0,0.0
446,2020-07-01,67862,0.0,0.0,0.0,0.0,0.0,0.0,0.0,0.0,0.0,0.0,0.0
447,2020-07-01,250000,1.0,0.0,0.0,0.0,0.0,0.0,0.0,0.0,1.0,0.0,0.0
448,2020-07-01,75000,1.0,0.0,0.0,0.0,0.0,0.0,0.0,0.0,1.0,0.0,0.0
449,2020-07-01,499998,3.0,0.0,1.0,0.0,0.0,1.0,0.0,0.0,1.0,0.0,0.0
450,2020-07-01,148687,0.0,0.0,0.0,0.0,0.0,0.0,0.0,0.0,0.0,0.0,0.0
451,2020-06-15,295701,2.0,0.0,0.0,0.0,0.0,0.0,0.0,1.0,1.0,0.0,0.0
452,2020-06-15,250000,2.0,1.0,0.0,0.0,0.0,0.0,0.0,0.0,0.0,1.0,0.0
453,2020-06-15,150000,4.0,1.0,1.0,1.0,0.0,0.0,0.0,0.0,1.0,0.0,0.0
454,2020-06-15,299182,3.0,1.0,0.0,0.0,0.0,1.0,0.0,1.0,0.0,0.0,0.0
455,2020-06-15,416092,2.0,1.0,0.0,0.0,0.0,0.0,0.0,1.0,0.0,0.0,0.0
456,2020-06-15,50000,0.0,0.0,0.0,0.0,0.0,0.0,0.0,0.0,0.0,0.0,0.0
457,2020-06-15,100000,1.0,0.0,0.0,0.0,0.0,0.0,1.0,0.0,0.0,0.0,0.0
458,2020-06-15,179999,1.0,0.0,0.0,1.0,0.0,0.0,0.0,0.0,0.0,0.0,0.0
459,2020-06-15,199997,1.0,1.0,0.0,0.0,0.0,0.0,0.0,0.0,0.0,0.0,0.0
460,2020-06-01,150000,1.0,1.0,0.0,0.0,0.0,0.0,0.0,0.0,0.0,0.0,0.0
461,2020-06-01,300000,2.0,0.0,1.0,0.0,0.0,0.0,0.0,0.0,0.0,0.0,1.0
462,2020-06-01,168914,2.0,0.0,0.0,1.0,0.0,0.0,1.0,0.0,0.0,0.0,0.0
463,2020-06-01,111315,3.0,0.0,0.0,0.0,1.0,0.0,0.0,1.0,1.0,0.0,0.0
464,2020-06-01,211544,1.0,0.0,0.0,0.0,1.0,0.0,0.0,0.0,0.0,0.0,0.0
465,2020-06-01,66668,5.0,0.0,1.0,0.0,1.0,0.0,1.0,0.0,1.0,1.0,0.0
466,2020-06-01,100000,1.0,0.0,0.0,0.0,0.0,1.0,0.0,0.0,0.0,0.0,0.0
467,2020-06-01,100000,0.0,0.0,0.0,0.0,0.0,0.0,0.0,0.0,0.0,0.0,0.0
468,2020-06-01,200000,0.0,0.0,0.0,0.0,0.0,0.0,0.0,0.0,0.0,0.0,0.0
469,2020-06-01,40000,1.0,0.0,0.0,0.0,0.0,0.0,0.0,1.0,0.0,0.0,0.0
470,2020-06-01,193278,2.0,1.0,0.0,0.0,0.0,1.0,0.0,0.0,0.0,0.0,0.0
471,2020-06-01,100000,1.0,0.0,0.0,0.0,0.0,0.0,1.0,0.0,0.0,0.0,0.0
472,2020-06-01,99956,0.0,0.0,0.0,0.0,0.0,0.0,0.0,0.0,0.0,0.0,0.0
473,2020-06-01,149995,3.0,0.0,1.0,0.0,0.0,0.0,0.0,1.0,0.0,1.0,0.0
474,2020-06-01,295446,0.0,0.0,0.0,0.0,0.0,0.0,0.0,0.0,0.0,0.0,0.0
475,2020-06-01,187477,4.0,1.0,1.0,0.0,0.0,1.0,0.0,0.0,1.0,0.0,0.0
476,2020-06-01,172235,3.0,0.0,1.0,0.0,0.0,0.0,0.0,0.0,1.0,0.0,1.0
477,2020-06-01,197538,1.0,0.0,1.0,0.0,0.0,0.0,0.0,0.0,0.0,0.0,0.0
478,2020-06-01,54912,2.0,0.0,0.0,0.0,0.0,0.0,0.0,1.0,1.0,0.0,0.0
479,2020-06-01,300000,2.0,0.0,1.0,0.0,0.0,1.0,0.0,0.0,0.0,0.0,0.0
480,2020-06-01,295879,2.0,1.0,0.0,0.0,0.0,0.0,0.0,0.0,1.0,0.0,0.0
481,2020-06-01,185504,2.0,0.0,0.0,1.0,1.0,0.0,0.0,0.0,0.0,0.0,0.0
482,2020-06-01,174998,3.0,0.0,0.0,0.0,0.0,0.0,1.0,0.0,1.0,1.0,0.0
483,2020-06-01,174995,1.0,0.0,0.0,0.0,0.0,0.0,0.0,0.0,0.0,1.0,0.0
484,2020-06-01,201383,2.0,0.0,0.0,0.0,0.0,1.0,0.0,0.0,1.0,0.0,0.0
485,2020-06-01,205883,0.0,0.0,0.0,0.0,0.0,0.0,0.0,0.0,0.0,0.0,0.0
486,2020-06-01,195034,2.0,0.0,0.0,0.0,0.0,1.0,0.0,0.0,1.0,0.0,0.0
487,2020-06-01,75000,1.0,0.0,0.0,0.0,0.0,0.0,1.0,0.0,0.0,0.0,0.0
488,2020-06-01,171556,1.0,1.0,0.0,0.0,0.0,0.0,0.0,0.0,0.0,0.0,0.0
489,2020-06-01,300000,3.0,0.0,0.0,0.0,1.0,0.0,1.0,0.0,1.0,0.0,0.0
490,2020-06-01,95000,2.0,0.0,0.0,0.0,1.0,0.0,0.0,0.0,0.0,0.0,1.0
491,2020-06-01,40000,2.0,0.0,1.0,0.0,1.0,0.0,0.0,0.0,0.0,0.0,0.0
492,2020-06-01,192254,2.0,0.0,1.0,0.0,1.0,0.0,0.0,0.0,0.0,0.0,0.0
493,2020-05-15,100000,1.0,0.0,0.0,0.0,0.0,1.0,0.0,0.0,0.0,0.0,0.0
494,2020-05-15,75000,3.0,1.0,1.0,0.0,0.0,1.0,0.0,0.0,0.0,0.0,0.0
495,2020-05-15,190620,5.0,1.0,0.0,0.0,1.0,1.0,0.0,1.0,1.0,0.0,0.0
496,2020-05-15,147665,1.0,0.0,0.0,0.0,1.0,0.0,0.0,0.0,0.0,0.0,0.0
497,2020-05-15,197052,1.0,0.0,0.0,0.0,0.0,0.0,0.0,0.0,1.0,0.0,0.0
498,2020-05-01,599217,1.0,1.0,0.0,0.0,0.0,0.0,0.0,0.0,0.0,0.0,0.0
499,2020-05-01,211131,2.0,1.0,0.0,0.0,0.0,0.0,0.0,0.0,1.0,0.0,0.0
500,2020-05-01,174982,0.0,0.0,0.0,0.0,0.0,0.0,0.0,0.0,0.0,0.0,0.0
501,2020-05-01,13279,5.0,1.0,1.0,1.0,0.0,1.0,0.0,0.0,1.0,0.0,0.0
502,2020-05-01,199597,2.0,0.0,1.0,0.0,0.0,0.0,0.0,0.0,1.0,0.0,0.0
503,2020-05-01,198985,1.0,0.0,0.0,1.0,0.0,0.0,0.0,0.0,0.0,0.0,0.0
504,2020-05-01,200000,3.0,0.0,0.0,1.0,0.0,1.0,0.0,0.0,1.0,0.0,0.0
505,2020-05-01,500000,2.0,0.0,0.0,1.0,0.0,0.0,1.0,0.0,0.0,0.0,0.0
506,2020-05-01,189691,1.0,0.0,0.0,0.0,0.0,1.0,0.0,0.0,0.0,0.0,0.0
507,2020-05-01,450644,2.0,1.0,0.0,0.0,0.0,1.0,0.0,0.0,0.0,0.0,0.0
508,2020-05-01,100000,3.0,0.0,1.0,1.0,0.0,0.0,0.0,0.0,1.0,0.0,0.0
509,2020-05-01,199034,2.0,0.0,0.0,0.0,0.0,0.0,0.0,1.0,1.0,0.0,0.0
510,2020-05-01,208812,2.0,0.0,0.0,0.0,0.0,1.0,1.0,0.0,0.0,0.0,0.0
511,2020-05-01,199827,0.0,0.0,0.0,0.0,0.0,0.0,0.0,0.0,0.0,0.0,0.0
512,2020-05-01,174911,1.0,0.0,0.0,0.0,0.0,0.0,0.0,0.0,1.0,0.0,0.0
513,2020-05-01,244927,3.0,1.0,0.0,0.0,1.0,0.0,0.0,0.0,0.0,0.0,1.0
514,2020-05-01,100000,2.0,1.0,0.0,0.0,0.0,0.0,0.0,1.0,0.0,0.0,0.0
515,2020-05-01,215343,1.0,1.0,0.0,0.0,0.0,0.0,0.0,0.0,0.0,0.0,0.0
516,2020-05-01,100000,0.0,0.0,0.0,0.0,0.0,0.0,0.0,0.0,0.0,0.0,0.0
517,2020-05-01,300000,2.0,1.0,0.0,0.0,0.0,1.0,0.0,0.0,0.0,0.0,0.0
518,2020-05-01,193987,4.0,1.0,0.0,0.0,0.0,0.0,0.0,1.0,1.0,0.0,1.0
519,2020-05-01,200000,4.0,1.0,0.0,0.0,0.0,0.0,1.0,1.0,1.0,0.0,0.0
520,2020-05-01,187395,0.0,0.0,0.0,0.0,0.0,0.0,0.0,0.0,0.0,0.0,0.0
521,2020-05-01,60748,0.0,0.0,0.0,0.0,0.0,0.0,0.0,0.0,0.0,0.0,0.0
522,2020-05-01,89292,4.0,1.0,0.0,0.0,0.0,1.0,0.0,1.0,1.0,0.0,0.0
523,2020-05-01,99000,1.0,0.0,0.0,0.0,0.0,1.0,0.0,0.0,0.0,0.0,0.0
524,2020-05-01,137578,1.0,0.0,0.0,0.0,1.0,0.0,0.0,0.0,0.0,0.0,0.0
525,2020-05-01,74975,1.0,0.0,0.0,0.0,0.0,0.0,0.0,0.0,1.0,0.0,0.0
526,2020-05-01,99999,2.0,0.0,0.0,0.0,1.0,1.0,0.0,0.0,0.0,0.0,0.0
527,2020-04-30,244692,3.0,1.0,0.0,0.0,0.0,1.0,0.0,0.0,1.0,0.0,0.0
528,2020-04-20,279706,4.0,0.0,1.0,0.0,0.0,0.0,0.0,1.0,1.0,1.0,0.0
529,2020-04-01,15000,2.0,1.0,0.0,0.0,0.0,1.0,0.0,0.0,0.0,0.0,0.0
530,2020-04-01,480929,3.0,1.0,1.0,0.0,0.0,0.0,0.0,0.0,1.0,0.0,0.0
531,2020-04-01,197298,0.0,0.0,0.0,0.0,0.0,0.0,0.0,0.0,0.0,0.0,0.0
532,2020-04-01,175000,2.0,1.0,0.0,0.0,0.0,0.0,0.0,0.0,1.0,0.0,0.0
533,2020-04-01,15000,4.0,1.0,0.0,1.0,0.0,1.0,0.0,0.0,1.0,0.0,0.0
534,2020-04-01,175000,0.0,0.0,0.0,0.0,0.0,0.0,0.0,0.0,0.0,0.0,0.0
535,2020-04-01,353748,0.0,0.0,0.0,0.0,0.0,0.0,0.0,0.0,0.0,0.0,0.0
536,2020-04-01,14996,3.0,1.0,1.0,0.0,0.0,0.0,0.0,0.0,1.0,0.0,0.0
537,2020-04-01,299962,2.0,1.0,0.0,0.0,0.0,0.0,0.0,0.0,1.0,0.0,0.0
538,2020-04-01,166442,1.0,1.0,0.0,0.0,0.0,0.0,0.0,0.0,0.0,0.0,0.0
539,2020-04-01,200000,3.0,0.0,1.0,0.0,0.0,0.0,0.0,1.0,0.0,0.0,1.0
540,2020-03-15,15000,5.0,0.0,1.0,1.0,1.0,1.0,0.0,0.0,1.0,0.0,0.0
541,2020-03-15,175000,1.0,0.0,0.0,0.0,0.0,1.0,0.0,0.0,0.0,0.0,0.0
542,2020-03-15,265324,2.0,1.0,0.0,0.0,0.0,0.0,0.0,0.0,1.0,0.0,0.0
543,2020-03-15,15000,1.0,0.0,0.0,1.0,0.0,0.0,0.0,0.0,0.0,0.0,0.0
544,2020-03-15,290000,2.0,0.0,1.0,0.0,0.0,1.0,0.0,0.0,0.0,0.0,0.0
545,2020-03-15,200000,1.0,0.0,0.0,0.0,0.0,1.0,0.0,0.0,0.0,0.0,0.0
546,2020-03-15,200000,0.0,0.0,0.0,0.0,0.0,0.0,0.0,0.0,0.0,0.0,0.0
547,2020-03-15,500000,0.0,0.0,0.0,0.0,0.0,0.0,0.0,0.0,0.0,0.0,0.0
548,2020-03-01,169201,2.0,0.0,0.0,0.0,0.0,1.0,0.0,0.0,1.0,0.0,0.0
549,2020-03-01,175000,0.0,0.0,0.0,0.0,0.0,0.0,0.0,0.0,0.0,0.0,0.0
550,2020-03-01,209510,1.0,0.0,0.0,0.0,0.0,0.0,0.0,0.0,1.0,0.0,0.0
551,2020-03-01,174214,3.0,0.0,0.0,0.0,1.0,1.0,0.0,0.0,1.0,0.0,0.0
552,2020-03-01,135000,3.0,0.0,0.0,0.0,1.0,1.0,1.0,0.0,0.0,0.0,0.0
553,2020-03-01,202318,3.0,1.0,0.0,0.0,0.0,0.0,0.0,1.0,1.0,0.0,0.0
554,2020-03-01,205130,1.0,0.0,0.0,0.0,0.0,0.0,0.0,1.0,0.0,0.0,0.0
555,2020-03-01,159283,2.0,0.0,1.0,0.0,0.0,0.0,0.0,0.0,1.0,0.0,0.0
556,2020-03-01,215308,3.0,0.0,1.0,0.0,0.0,0.0,0.0,0.0,1.0,0.0,1.0
557,2020-03-01,149892,2.0,0.0,1.0,0.0,0.0,0.0,0.0,0.0,0.0,0.0,1.0
558,2020-03-01,187834,2.0,1.0,0.0,0.0,0.0,1.0,0.0,0.0,0.0,0.0,0.0
559,2020-03-01,149989,1.0,0.0,0.0,0.0,0.0,1.0,0.0,0.0,0.0,0.0,0.0
560,2020-02-15,193490,2.0,0.0,0.0,0.0,0.0,1.0,0.0,0.0,1.0,0.0,0.0
561,2020-02-01,279999,0.0,0.0,0.0,0.0,0.0,0.0,0.0,0.0,0.0,0.0,0.0
562,2020-02-01,95700,2.0,0.0,0.0,0.0,0.0,1.0,0.0,0.0,1.0,0.0,0.0
563,2020-02-01,76338,1.0,1.0,0.0,0.0,0.0,0.0,0.0,0.0,0.0,0.0,0.0
564,2020-02-01,226912,2.0,1.0,0.0,0.0,0.0,1.0,0.0,0.0,0.0,0.0,0.0
565,2020-02-01,197049,2.0,0.0,0.0,1.0,0.0,1.0,0.0,0.0,0.0,0.0,0.0
566,2020-02-01,199662,1.0,0.0,0.0,0.0,0.0,1.0,0.0,0.0,0.0,0.0,0.0
567,2020-02-01,221147,1.0,0.0,0.0,0.0,0.0,0.0,0.0,0.0,1.0,0.0,0.0
568,2020-02-01,174956,2.0,1.0,0.0,0.0,1.0,0.0,0.0,0.0,0.0,0.0,0.0
569,2020-02-01,76120,1.0,1.0,0.0,0.0,0.0,0.0,0.0,0.0,0.0,0.0,0.0
570,2020-01-16,23280,3.0,0.0,1.0,0.0,1.0,0.0,0.0,1.0,0.0,0.0,0.0
571,2020-01-15,499186,2.0,0.0,1.0,0.0,0.0,0.0,0.0,0.0,0.0,0.0,1.0
572,2020-01-01,100000,2.0,0.0,0.0,1.0,0.0,0.0,0.0,0.0,1.0,0.0,0.0
573,2020-01-01,1093322,1.0,1.0,0.0,0.0,0.0,0.0,0.0,0.0,0.0,0.0,0.0
574,2020-01-01,296565,2.0,0.0,1.0,0.0,0.0,1.0,0.0,0.0,0.0,0.0,0.0
575,2020-01-01,76745,1.0,0.0,0.0,0.0,0.0,0.0,0.0,0.0,1.0,0.0,0.0
576,2020-01-01,500000,3.0,0.0,0.0,0.0,1.0,0.0,1.0,0.0,1.0,0.0,0.0
577,2020-01-01,222000,2.0,1.0,0.0,0.0,0.0,0.0,0.0,0.0,0.0,1.0,0.0
578,2020-01-01,87070,1.0,0.0,0.0,0.0,0.0,0.0,1.0,0.0,0.0,0.0,0.0
579,2020-01-01,317360,4.0,1.0,0.0,0.0,0.0,1.0,0.0,1.0,1.0,0.0,0.0
580,2020-01-01,325201,3.0,0.0,0.0,0.0,1.0,0.0,0.0,1.0,1.0,0.0,0.0
581,2020-01-01,493706,4.0,1.0,0.0,0.0,0.0,1.0,1.0,0.0,1.0,0.0,0.0
582,2020-01-01,620000,2.0,1.0,0.0,0.0,0.0,1.0,0.0,0.0,0.0,0.0,0.0
583,2020-01-01,499841,2.0,0.0,0.0,0.0,0.0,1.0,0.0,0.0,1.0,0.0,0.0
584,2020-01-01,353237,4.0,0.0,0.0,1.0,0.0,1.0,0.0,1.0,1.0,0.0,0.0
585,2019-12-20,74541,4.0,0.0,0.0,1.0,1.0,1.0,0.0,0.0,1.0,0.0,0.0
586,2019-12-01,1199998,1.0,1.0,0.0,0.0,0.0,0.0,0.0,0.0,0.0,0.0,0.0
587,2019-12-01,497224,3.0,0.0,0.0,0.0,0.0,1.0,0.0,1.0,0.0,1.0,0.0
588,2019-12-01,299836,1.0,0.0,0.0,0.0,0.0,0.0,0.0,0.0,1.0,0.0,0.0
589,2019-11-07,149180,4.0,0.0,0.0,0.0,1.0,1.0,1.0,1.0,0.0,0.0,0.0
590,2019-11-01,250000,1.0,0.0,1.0,0.0,0.0,0.0,0.0,0.0,0.0,0.0,0.0
591,2019-11-01,322492,4.0,0.0,0.0,1.0,0.0,1.0,0.0,1.0,1.0,0.0,0.0
592,2019-11-01,250000,4.0,1.0,0.0,0.0,0.0,1.0,0.0,1.0,1.0,0.0,0.0
593,2019-11-01,500000,1.0,0.0,0.0,0.0,0.0,1.0,0.0,0.0,0.0,0.0,0.0
594,2019-11-01,250000,3.0,1.0,1.0,0.0,0.0,0.0,0.0,0.0,0.0,1.0,0.0
595,2019-10-16,341522,0.0,0.0,0.0,0.0,0.0,0.0,0.0,0.0,0.0,0.0,0.0
596,2019-10-01,499987,1.0,1.0,0.0,0.0,0.0,0.0,0.0,0.0,0.0,0.0,0.0
597,2019-10-01,237134,1.0,0.0,0.0,0.0,0.0,0.0,0.0,0.0,1.0,0.0,0.0
598,2019-10-01,287965,2.0,1.0,0.0,0.0,0.0,1.0,0.0,0.0,0.0,0.0,0.0
599,2019-10-01,199975,1.0,0.0,0.0,0.0,0.0,0.0,1.0,0.0,0.0,0.0,0.0
600,2019-10-01,75000,2.0,1.0,0.0,0.0,0.0,0.0,0.0,0.0,1.0,0.0,0.0
601,2019-10-01,1109871,2.0,0.0,0.0,0.0,0.0,0.0,0.0,1.0,1.0,0.0,0.0
602,2019-10-01,220000,2.0,0.0,0.0,0.0,0.0,1.0,0.0,0.0,1.0,0.0,0.0
603,2019-10-01,968946,3.0,1.0,0.0,0.0,0.0,1.0,0.0,0.0,1.0,0.0,0.0
604,2019-10-01,230960,1.0,0.0,0.0,0.0,0.0,0.0,0.0,0.0,1.0,0.0,0.0
605,2019-10-01,350000,1.0,1.0,0.0,0.0,0.0,0.0,0.0,0.0,0.0,0.0,0.0
606,2019-10-01,249688,1.0,0.0,0.0,0.0,0.0,0.0,0.0,0.0,0.0,0.0,1.0
607,2019-10-01,300000,3.0,0.0,1.0,0.0,0.0,0.0,0.0,0.0,1.0,0.0,1.0
608,2019-10-01,299997,1.0,1.0,0.0,0.0,0.0,0.0,0.0,0.0,0.0,0.0,0.0
609,2019-10-01,500000,0.0,0.0,0.0,0.0,0.0,0.0,0.0,0.0,0.0,0.0,0.0
610,2019-10-01,500000,1.0,0.0,0.0,1.0,0.0,0.0,0.0,0.0,0.0,0.0,0.0
611,2019-10-01,1199996,4.0,0.0,1.0,0.0,0.0,0.0,0.0,1.0,1.0,1.0,0.0
612,2019-10-01,171116,0.0,0.0,0.0,0.0,0.0,0.0,0.0,0.0,0.0,0.0,0.0
613,2019-10-01,500000,4.0,0.0,1.0,0.0,1.0,0.0,1.0,0.0,1.0,0.0,0.0
614,2019-10-01,300000,3.0,0.0,1.0,0.0,1.0,0.0,0.0,1.0,0.0,0.0,0.0
615,2019-10-01,19980601,1.0,1.0,0.0,0.0,0.0,0.0,0.0,0.0,0.0,0.0,0.0
616,2019-10-01,1442316,1.0,0.0,0.0,0.0,0.0,0.0,0.0,1.0,0.0,0.0,0.0
617,2019-10-01,259316,3.0,0.0,0.0,1.0,0.0,0.0,0.0,1.0,1.0,0.0,0.0
618,2019-10-01,150000,2.0,1.0,0.0,0.0,0.0,0.0,0.0,1.0,0.0,0.0,0.0
619,2019-10-01,500000,0.0,0.0,0.0,0.0,0.0,0.0,0.0,0.0,0.0,0.0,0.0
620,2019-10-01,500000,5.0,0.0,1.0,1.0,0.0,0.0,1.0,0.0,1.0,1.0,0.0
621,2019-10-01,300000,3.0,1.0,0.0,0.0,1.0,0.0,0.0,0.0,0.0,0.0,1.0
622,2019-10-01,635006,3.0,0.0,1.0,0.0,0.0,1.0,0.0,0.0,0.0,0.0,1.0
623,2019-10-01,129976,2.0,1.0,0.0,0.0,0.0,1.0,0.0,0.0,0.0,0.0,0.0
624,2019-10-01,256658,0.0,0.0,0.0,0.0,0.0,0.0,0.0,0.0,0.0,0.0,0.0
625,2019-10-01,681953,2.0,0.0,1.0,0.0,0.0,1.0,0.0,0.0,0.0,0.0,0.0
626,2019-10-01,49573,1.0,0.0,0.0,0.0,0.0,0.0,1.0,0.0,0.0,0.0,0.0
627,2019-10-01,200000,2.0,1.0,0.0,0.0,0.0,0.0,0.0,1.0,0.0,0.0,0.0
628,2019-10-01,499995,1.0,0.0,0.0,0.0,1.0,0.0,0.0,0.0,0.0,0.0,0.0
629,2019-10-01,500000,0.0,0.0,0.0,0.0,0.0,0.0,0.0,0.0,0.0,0.0,0.0
630,2019-10-01,276639,5.0,0.0,1.0,0.0,1.0,0.0,1.0,0.0,1.0,1.0,0.0
631,2019-10-01,331334,2.0,0.0,0.0,0.0,0.0,0.0,0.0,1.0,1.0,0.0,0.0
632,2019-10-01,949727,2.0,0.0,0.0,0.0,1.0,0.0,1.0,0.0,0.0,0.0,0.0
633,2019-10-01,149697,1.0,0.0,0.0,0.0,0.0,1.0,0.0,0.0,0.0,0.0,0.0
634,2019-10-01,337333,3.0,0.0,1.0,0.0,1.0,0.0,0.0,0.0,1.0,0.0,0.0
635,2019-10-01,200000,1.0,0.0,0.0,1.0,0.0,0.0,0.0,0.0,0.0,0.0,0.0
636,2019-10-01,930251,0.0,0.0,0.0,0.0,0.0,0.0,0.0,0.0,0.0,0.0,0.0
637,2019-10-01,331799,1.0,0.0,0.0,0.0,0.0,0.0,0.0,0.0,1.0,0.0,0.0
638,2019-10-01,87054,1.0,0.0,0.0,0.0,0.0,1.0,0.0,0.0,0.0,0.0,0.0
639,2019-10-01,469613,0.0,0.0,0.0,0.0,0.0,0.0,0.0,0.0,0.0,0.0,0.0
640,2019-10-01,432788,3.0,0.0,1.0,0.0,0.0,0.0,1.0,0.0,0.0,0.0,1.0
641,2019-10-01,194159,1.0,0.0,0.0,0.0,0.0,0.0,0.0,0.0,1.0,0.0,0.0
642,2019-10-01,553806,2.0,1.0,0.0,1.0,0.0,0.0,0.0,0.0,0.0,0.0,0.0
643,2019-10-01,166561,2.0,0.0,0.0,0.0,0.0,0.0,0.0,1.0,1.0,0.0,0.0
644,2019-10-01,283952,1.0,0.0,0.0,0.0,0.0,1.0,0.0,0.0,0.0,0.0,0.0
645,2019-10-01,439148,2.0,0.0,0.0,0.0,1.0,0.0,0.0,0.0,1.0,0.0,0.0
646,2019-10-01,500000,2.0,0.0,0.0,0.0,0.0,0.0,0.0,0.0,1.0,1.0,0.0
647,2019-10-01,200000,5.0,0.0,1.0,0.0,0.0,0.0,1.0,1.0,1.0,0.0,1.0
648,2019-10-01,500000,2.0,0.0,0.0,1.0,0.0,0.0,0.0,0.0,1.0,0.0,0.0
649,2019-10-01,165998,3.0,0.0,0.0,0.0,1.0,0.0,1.0,0.0,1.0,0.0,0.0
650,2019-10-01,150000,3.0,0.0,0.0,0.0,0.0,1.0,0.0,1.0,1.0,0.0,0.0
651,2019-10-01,297313,3.0,1.0,0.0,0.0,0.0,1.0,0.0,0.0,1.0,0.0,0.0
652,2019-10-01,1514525,2.0,0.0,0.0,0.0,0.0,1.0,0.0,0.0,1.0,0.0,0.0
653,2019-10-01,211712,2.0,0.0,0.0,0.0,0.0,0.0,0.0,0.0,1.0,1.0,0.0
654,2019-10-01,462704,3.0,0.0,0.0,0.0,1.0,0.0,0.0,1.0,0.0,1.0,0.0
655,2019-10-01,432691,0.0,0.0,0.0,0.0,0.0,0.0,0.0,0.0,0.0,0.0,0.0
656,2019-10-01,98516,1.0,1.0,0.0,0.0,0.0,0.0,0.0,0.0,0.0,0.0,0.0
657,2019-10-01,500000,2.0,0.0,0.0,0.0,0.0,0.0,0.0,0.0,1.0,0.0,1.0
658,2019-10-01,347239,4.0,0.0,1.0,0.0,1.0,1.0,0.0,0.0,0.0,1.0,0.0
659,2019-10-01,250000,6.0,0.0,0.0,1.0,1.0,0.0,1.0,1.0,1.0,1.0,0.0
660,2019-10-01,500000,6.0,0.0,1.0,1.0,1.0,0.0,0.0,0.0,1.0,1.0,1.0
661,2019-10-01,206206,2.0,1.0,0.0,0.0,0.0,0.0,0.0,0.0,1.0,0.0,0.0
662,2019-10-01,249232,2.0,0.0,0.0,1.0,0.0,0.0,1.0,0.0,0.0,0.0,0.0
663,2019-10-01,254936,1.0,0.0,0.0,0.0,0.0,1.0,0.0,0.0,0.0,0.0,0.0
664,2019-10-01,900000,1.0,1.0,0.0,0.0,0.0,0.0,0.0,0.0,0.0,0.0,0.0
665,2019-10-01,500000,1.0,0.0,0.0,0.0,0.0,1.0,0.0,0.0,0.0,0.0,0.0
666,2019-10-01,499635,3.0,0.0,1.0,0.0,0.0,0.0,0.0,0.0,1.0,0.0,1.0
667,2019-10-01,750000,0.0,0.0,0.0,0.0,0.0,0.0,0.0,0.0,0.0,0.0,0.0
668,2019-10-01,598363,5.0,0.0,0.0,0.0,1.0,1.0,1.0,1.0,1.0,0.0,0.0
669,2019-10-01,500000,2.0,1.0,0.0,0.0,0.0,0.0,0.0,0.0,1.0,0.0,0.0
670,2019-10-01,499999,0.0,0.0,0.0,0.0,0.0,0.0,0.0,0.0,0.0,0.0,0.0
671,2019-10-01,500000,4.0,1.0,0.0,0.0,0.0,1.0,0.0,1.0,0.0,1.0,0.0
672,2019-10-01,550000,2.0,0.0,0.0,0.0,0.0,0.0,0.0,1.0,1.0,0.0,0.0
673,2019-10-01,700000,1.0,0.0,0.0,0.0,0.0,0.0,0.0,0.0,1.0,0.0,0.0
674,2019-10-01,350000,1.0,1.0,0.0,0.0,0.0,0.0,0.0,0.0,0.0,0.0,0.0
675,2019-10-01,3423641,3.0,0.0,1.0,0.0,0.0,1.0,0.0,0.0,1.0,0.0,0.0
676,2019-10-01,300000,3.0,1.0,0.0,0.0,0.0,0.0,0.0,1.0,1.0,0.0,0.0
677,2019-10-01,899995,3.0,0.0,0.0,1.0,0.0,0.0,0.0,1.0,1.0,0.0,0.0
678,2019-10-01,499585,3.0,0.0,0.0,1.0,1.0,0.0,0.0,0.0,0.0,1.0,0.0
679,2019-10-01,233329,2.0,1.0,0.0,0.0,0.0,0.0,0.0,0.0,1.0,0.0,0.0
680,2019-10-01,500000,1.0,0.0,0.0,0.0,0.0,0.0,1.0,0.0,0.0,0.0,0.0
681,2019-10-01,350137,5.0,0.0,1.0,0.0,0.0,0.0,0.0,1.0,1.0,1.0,1.0
682,2019-10-01,400000,3.0,1.0,0.0,0.0,0.0,0.0,1.0,0.0,1.0,0.0,0.0
683,2019-10-01,236477,4.0,1.0,1.0,0.0,1.0,0.0,0.0,0.0,0.0,0.0,1.0
684,2019-10-01,350000,2.0,1.0,0.0,0.0,0.0,0.0,0.0,1.0,0.0,0.0,0.0
685,2019-10-01,415000,3.0,0.0,1.0,0.0,0.0,0.0,0.0,0.0,1.0,1.0,0.0
686,2019-10-01,599877,2.0,0.0,1.0,1.0,0.0,0.0,0.0,0.0,0.0,0.0,0.0
687,2019-10-01,496751,4.0,0.0,1.0,1.0,0.0,0.0,1.0,0.0,0.0,0.0,1.0
688,2019-10-01,500000,3.0,1.0,1.0,0.0,0.0,0.0,0.0,0.0,0.0,0.0,1.0
689,2019-10-01,350000,4.0,1.0,0.0,0.0,1.0,0.0,0.0,1.0,1.0,0.0,0.0
690,2019-10-01,380224,2.0,1.0,1.0,0.0,0.0,0.0,0.0,0.0,0.0,0.0,0.0
691,2019-10-01,1616024,2.0,1.0,0.0,0.0,0.0,0.0,0.0,0.0,0.0,0.0,1.0
692,2019-10-01,1196226,3.0,1.0,0.0,0.0,0.0,0.0,0.0,1.0,1.0,0.0,0.0
693,2019-10-01,500000,3.0,1.0,0.0,0.0,0.0,1.0,0.0,0.0,1.0,0.0,0.0
694,2019-10-01,344753,1.0,1.0,0.0,0.0,0.0,0.0,0.0,0.0,0.0,0.0,0.0
695,2019-10-01,291579,2.0,1.0,0.0,0.0,0.0,0.0,0.0,0.0,1.0,0.0,0.0
696,2019-10-01,400000,1.0,0.0,0.0,1.0,0.0,0.0,0.0,0.0,0.0,0.0,0.0
697,2019-10-01,1199567,1.0,1.0,0.0,0.0,0.0,0.0,0.0,0.0,0.0,0.0,0.0
698,2019-10-01,1000000,0.0,0.0,0.0,0.0,0.0,0.0,0.0,0.0,0.0,0.0,0.0
699,2019-10-01,267637,4.0,0.0,1.0,0.0,1.0,1.0,0.0,0.0,1.0,0.0,0.0
700,2019-10-01,291995,2.0,1.0,0.0,0.0,0.0,0.0,0.0,0.0,0.0,1.0,0.0
701,2019-10-01,375000,2.0,0.0,1.0,0.0,0.0,0.0,0.0,0.0,0.0,0.0,1.0
702,2019-10-01,750000,6.0,0.0,1.0,0.0,1.0,0.0,1.0,1.0,1.0,0.0,1.0
703,2019-10-01,750000,2.0,0.0,0.0,0.0,0.0,0.0,0.0,0.0,1.0,0.0,1.0
704,2019-10-01,478592,4.0,0.0,1.0,0.0,1.0,0.0,0.0,0.0,1.0,0.0,1.0
705,2019-10-01,499839,1.0,0.0,1.0,0.0,0.0,0.0,0.0,0.0,0.0,0.0,0.0
706,2019-10-01,499938,2.0,0.0,1.0,0.0,0.0,0.0,0.0,0.0,0.0,0.0,1.0
707,2019-10-01,849913,2.0,0.0,0.0,1.0,0.0,0.0,0.0,0.0,1.0,0.0,0.0
708,2019-10-01,400000,2.0,0.0,0.0,0.0,1.0,0.0,0.0,0.0,1.0,0.0,0.0
709,2019-10-01,387990,1.0,0.0,0.0,0.0,0.0,0.0,0.0,0.0,1.0,0.0,0.0
710,2019-10-01,500000,1.0,0.0,0.0,1.0,0.0,0.0,0.0,0.0,0.0,0.0,0.0
711,2019-10-01,300000,5.0,0.0,0.0,1.0,1.0,0.0,1.0,0.0,1.0,1.0,0.0
712,2019-10-01,500000,3.0,1.0,0.0,1.0,0.0,0.0,0.0,0.0,1.0,0.0,0.0
713,2019-10-01,243940,2.0,0.0,0.0,1.0,0.0,0.0,0.0,0.0,0.0,0.0,1.0
714,2019-10-01,250002,3.0,0.0,0.0,1.0,0.0,0.0,0.0,0.0,1.0,1.0,0.0
715,2019-10-01,354291,0.0,0.0,0.0,0.0,0.0,0.0,0.0,0.0,0.0,0.0,0.0
716,2019-10-01,191617,1.0,0.0,0.0,0.0,0.0,1.0,0.0,0.0,0.0,0.0,0.0
717,2019-10-01,550531,4.0,1.0,0.0,0.0,1.0,0.0,0.0,1.0,1.0,0.0,0.0
718,2019-10-01,297731,2.0,0.0,0.0,0.0,0.0,0.0,0.0,1.0,1.0,0.0,0.0
719,2019-10-01,252424,2.0,1.0,0.0,0.0,0.0,0.0,0.0,0.0,1.0,0.0,0.0
720,2019-10-01,976820,1.0,1.0,0.0,0.0,0.0,0.0,0.0,0.0,0.0,0.0,0.0
721,2019-10-01,1965990,2.0,1.0,0.0,0.0,0.0,1.0,0.0,0.0,0.0,0.0,0.0
722,2019-10-01,399954,2.0,0.0,0.0,0.0,1.0,0.0,1.0,0.0,0.0,0.0,0.0
723,2019-10-01,499480,4.0,1.0,0.0,0.0,0.0,1.0,0.0,0.0,1.0,1.0,0.0
724,2019-10-01,106006,1.0,0.0,0.0,0.0,0.0,0.0,0.0,0.0,1.0,0.0,0.0
725,2019-10-01,800000,0.0,0.0,0.0,0.0,0.0,0.0,0.0,0.0,0.0,0.0,0.0
726,2019-10-01,387700,3.0,0.0,1.0,0.0,0.0,0.0,0.0,0.0,1.0,1.0,0.0
727,2019-10-01,15000,4.0,0.0,0.0,0.0,1.0,1.0,1.0,1.0,0.0,0.0,0.0
728,2019-10-01,15000,3.0,0.0,0.0,1.0,0.0,1.0,0.0,0.0,1.0,0.0,0.0
729,2019-10-01,499997,4.0,0.0,1.0,0.0,0.0,0.0,0.0,1.0,1.0,0.0,1.0
730,2019-10-01,750000,2.0,1.0,0.0,0.0,0.0,1.0,0.0,0.0,0.0,0.0,0.0
731,2019-10-01,15000,2.0,0.0,1.0,0.0,0.0,1.0,0.0,0.0,0.0,0.0,0.0
732,2019-10-01,14999,1.0,0.0,0.0,0.0,0.0,1.0,0.0,0.0,0.0,0.0,0.0
733,2019-10-01,288805,3.0,1.0,0.0,0.0,0.0,1.0,0.0,1.0,0.0,0.0,0.0
734,2019-10-01,300000,3.0,0.0,0.0,0.0,1.0,1.0,0.0,0.0,1.0,0.0,0.0
735,2019-10-01,280388,2.0,0.0,0.0,0.0,0.0,1.0,0.0,0.0,1.0,0.0,0.0
736,2019-10-01,450000,1.0,0.0,0.0,0.0,0.0,1.0,0.0,0.0,0.0,0.0,0.0
737,2019-10-01,749988,2.0,0.0,1.0,0.0,0.0,0.0,0.0,0.0,0.0,0.0,1.0
738,2019-10-01,249831,0.0,0.0,0.0,0.0,0.0,0.0,0.0,0.0,0.0,0.0,0.0
739,2019-10-01,1121670,1.0,1.0,0.0,0.0,0.0,0.0,0.0,0.0,0.0,0.0,0.0
740,2019-10-01,158012,7.0,0.0,1.0,1.0,0.0,0.0,1.0,1.0,1.0,1.0,1.0
741,2019-10-01,500000,2.0,0.0,1.0,0.0,1.0,0.0,0.0,0.0,0.0,0.0,0.0
742,2019-10-01,1201560,1.0,1.0,0.0,0.0,0.0,0.0,0.0,0.0,0.0,0.0,0.0
743,2019-10-01,250000,2.0,1.0,0.0,0.0,0.0,0.0,0.0,0.0,1.0,0.0,0.0
744,2019-10-01,308088,1.0,0.0,0.0,0.0,0.0,0.0,0.0,0.0,0.0,1.0,0.0
745,2019-10-01,1200000,1.0,0.0,0.0,0.0,1.0,0.0,0.0,0.0,0.0,0.0,0.0
746,2019-10-01,700000,1.0,1.0,0.0,0.0,0.0,0.0,0.0,0.0,0.0,0.0,0.0
747,2019-10-01,374204,1.0,0.0,0.0,0.0,0.0,0.0,0.0,0.0,1.0,0.0,0.0
748,2019-10-01,500000,6.0,1.0,1.0,0.0,0.0,0.0,1.0,0.0,1.0,1.0,1.0
749,2019-10-01,249732,2.0,1.0,0.0,0.0,0.0,0.0,0.0,0.0,1.0,0.0,0.0
750,2019-10-01,250000,3.0,1.0,1.0,0.0,0.0,0.0,0.0,0.0,0.0,1.0,0.0
751,2019-10-01,250000,0.0,0.0,0.0,0.0,0.0,0.0,0.0,0.0,0.0,0.0,0.0
752,2019-10-01,250000,2.0,0.0,0.0,0.0,1.0,0.0,1.0,0.0,0.0,0.0,0.0
753,2019-10-01,499996,1.0,0.0,0.0,0.0,0.0,0.0,0.0,1.0,0.0,0.0,0.0
754,2019-10-01,499698,1.0,0.0,0.0,1.0,0.0,0.0,0.0,0.0,0.0,0.0,0.0
755,2019-10-01,500000,1.0,0.0,0.0,0.0,1.0,0.0,0.0,0.0,0.0,0.0,0.0
756,2019-10-01,500000,4.0,0.0,1.0,0.0,0.0,0.0,0.0,1.0,1.0,0.0,1.0
757,2019-10-01,200000,2.0,0.0,0.0,0.0,1.0,1.0,0.0,0.0,0.0,0.0,0.0
758,2019-10-01,499999,1.0,0.0,0.0,0.0,1.0,0.0,0.0,0.0,0.0,0.0,0.0
759,2019-10-01,133002,2.0,0.0,0.0,0.0,0.0,0.0,0.0,1.0,1.0,0.0,0.0
760,2019-10-01,124143,3.0,0.0,0.0,1.0,0.0,1.0,0.0,0.0,0.0,1.0,0.0
761,2019-10-01,1018602,4.0,0.0,0.0,1.0,1.0,1.0,0.0,0.0,1.0,0.0,0.0
762,2019-10-01,407522,1.0,0.0,0.0,0.0,0.0,1.0,0.0,0.0,0.0,0.0,0.0
763,2019-10-01,599724,3.0,1.0,0.0,0.0,0.0,1.0,0.0,0.0,1.0,0.0,0.0
764,2019-10-01,1197661,4.0,1.0,0.0,0.0,0.0,1.0,0.0,1.0,1.0,0.0,0.0
765,2019-10-01,1199150,1.0,1.0,0.0,0.0,0.0,0.0,0.0,0.0,0.0,0.0,0.0
766,2019-10-01,236187,3.0,1.0,0.0,0.0,0.0,0.0,0.0,1.0,1.0,0.0,0.0
767,2019-10-01,699998,2.0,1.0,0.0,0.0,0.0,1.0,0.0,0.0,0.0,0.0,0.0
768,2019-10-01,300000,1.0,1.0,0.0,0.0,0.0,0.0,0.0,0.0,0.0,0.0,0.0
769,2019-10-01,500000,3.0,1.0,0.0,1.0,0.0,1.0,0.0,0.0,0.0,0.0,0.0
770,2019-10-01,250000,4.0,1.0,0.0,0.0,0.0,0.0,1.0,1.0,1.0,0.0,0.0
771,2019-10-01,1199209,3.0,1.0,0.0,0.0,0.0,1.0,0.0,0.0,1.0,0.0,0.0
772,2019-10-01,100000,0.0,0.0,0.0,0.0,0.0,0.0,0.0,0.0,0.0,0.0,0.0
773,2019-10-01,1500000,3.0,0.0,0.0,1.0,0.0,1.0,0.0,0.0,1.0,0.0,0.0
774,2019-10-01,33949,0.0,0.0,0.0,0.0,0.0,0.0,0.0,0.0,0.0,0.0,0.0
775,2019-10-01,100000,1.0,0.0,0.0,1.0,0.0,0.0,0.0,0.0,0.0,0.0,0.0
776,2019-10-01,1458440,2.0,0.0,1.0,0.0,0.0,0.0,0.0,0.0,1.0,0.0,0.0
777,2019-10-01,29999,3.0,0.0,1.0,0.0,0.0,0.0,0.0,1.0,0.0,1.0,0.0
778,2019-10-01,1400087,3.0,0.0,1.0,1.0,0.0,0.0,0.0,0.0,0.0,0.0,1.0
779,2019-10-01,1792952,5.0,1.0,1.0,1.0,0.0,1.0,0.0,0.0,1.0,0.0,0.0
780,2019-10-01,339039,3.0,1.0,1.0,1.0,0.0,0.0,0.0,0.0,0.0,0.0,0.0
781,2019-10-01,580480,4.0,1.0,1.0,0.0,0.0,1.0,0.0,0.0,1.0,0.0,0.0
782,2019-10-01,2000000,1.0,0.0,1.0,0.0,0.0,0.0,0.0,0.0,0.0,0.0,0.0
783,2019-10-01,499610,1.0,0.0,0.0,0.0,1.0,0.0,0.0,0.0,0.0,0.0,0.0
784,2019-10-01,1499032,4.0,1.0,1.0,1.0,0.0,0.0,0.0,0.0,0.0,1.0,0.0
785,2019-10-01,45000,4.0,1.0,1.0,1.0,0.0,0.0,0.0,0.0,0.0,0.0,1.0
786,2019-09-15,1020000,2.0,1.0,1.0,0.0,0.0,0.0,0.0,0.0,0.0,0.0,0.0
787,2019-09-15,483730,2.0,0.0,0.0,1.0,0.0,0.0,1.0,0.0,0.0,0.0,0.0
788,2019-09-15,296238,2.0,1.0,0.0,0.0,0.0,0.0,0.0,0.0,1.0,0.0,0.0
789,2019-09-15,687760,2.0,1.0,0.0,0.0,0.0,0.0,0.0,1.0,0.0,0.0,0.0
790,2019-09-15,300000,3.0,0.0,0.0,0.0,0.0,1.0,0.0,1.0,0.0,1.0,0.0
791,2019-09-15,1199199,1.0,1.0,0.0,0.0,0.0,0.0,0.0,0.0,0.0,0.0,0.0
792,2019-09-15,299249,2.0,1.0,0.0,0.0,0.0,0.0,0.0,0.0,1.0,0.0,0.0
793,2019-09-15,149970,0.0,0.0,0.0,0.0,0.0,0.0,0.0,0.0,0.0,0.0,0.0
794,2019-09-01,364328,1.0,1.0,0.0,0.0,0.0,0.0,0.0,0.0,0.0,0.0,0.0
795,2019-09-01,298360,1.0,1.0,0.0,0.0,0.0,0.0,0.0,0.0,0.0,0.0,0.0
796,2019-09-01,285157,0.0,0.0,0.0,0.0,0.0,0.0,0.0,0.0,0.0,0.0,0.0
797,2019-09-01,798909,3.0,0.0,1.0,1.0,0.0,0.0,0.0,0.0,1.0,0.0,0.0
798,2019-09-01,195970,1.0,0.0,0.0,0.0,0.0,1.0,0.0,0.0,0.0,0.0,0.0
799,2019-09-01,526122,1.0,0.0,0.0,1.0,0.0,0.0,0.0,0.0,0.0,0.0,0.0
800,2019-09-01,299936,3.0,1.0,0.0,0.0,0.0,0.0,0.0,1.0,1.0,0.0,0.0
801,2019-09-01,299159,4.0,0.0,1.0,0.0,0.0,1.0,0.0,0.0,1.0,1.0,0.0
802,2019-09-01,500000,2.0,0.0,1.0,0.0,0.0,0.0,0.0,0.0,1.0,0.0,0.0
803,2019-09-01,302049,2.0,0.0,1.0,0.0,0.0,0.0,0.0,0.0,1.0,0.0,0.0
804,2019-09-01,860000,3.0,0.0,1.0,0.0,1.0,0.0,0.0,0.0,0.0,0.0,1.0
805,2019-09-01,174967,0.0,0.0,0.0,0.0,0.0,0.0,0.0,0.0,0.0,0.0,0.0
806,2019-09-01,315997,2.0,0.0,0.0,0.0,0.0,0.0,0.0,1.0,1.0,0.0,0.0
807,2019-09-01,729921,3.0,1.0,0.0,0.0,0.0,0.0,0.0,1.0,1.0,0.0,0.0
808,2019-09-01,300000,1.0,1.0,0.0,0.0,0.0,0.0,0.0,0.0,0.0,0.0,0.0
809,2019-09-01,300000,3.0,1.0,0.0,0.0,0.0,1.0,0.0,0.0,1.0,0.0,0.0
810,2019-09-01,299311,0.0,0.0,0.0,0.0,0.0,0.0,0.0,0.0,0.0,0.0,0.0
811,2019-09-01,500000,0.0,0.0,0.0,0.0,0.0,0.0,0.0,0.0,0.0,0.0,0.0
812,2019-09-01,137038,0.0,0.0,0.0,0.0,0.0,0.0,0.0,0.0,0.0,0.0,0.0
813,2019-09-01,8458222,3.0,0.0,1.0,0.0,0.0,0.0,0.0,0.0,1.0,1.0,0.0
814,2019-08-21,374312,4.0,0.0,1.0,0.0,0.0,1.0,1.0,0.0,1.0,0.0,0.0
815,2019-08-15,1519464,1.0,0.0,0.0,0.0,0.0,0.0,0.0,1.0,0.0,0.0,0.0
816,2019-08-15,386219,2.0,0.0,0.0,0.0,0.0,0.0,0.0,1.0,1.0,0.0,0.0
817,2019-08-15,171229,1.0,0.0,0.0,0.0,0.0,1.0,0.0,0.0,0.0,0.0,0.0
818,2019-08-13,162104,3.0,0.0,0.0,0.0,0.0,1.0,0.0,1.0,0.0,1.0,0.0
819,2019-08-13,224255,1.0,1.0,0.0,0.0,0.0,0.0,0.0,0.0,0.0,0.0,0.0
820,2019-08-13,7965,1.0,0.0,0.0,0.0,0.0,0.0,0.0,0.0,1.0,0.0,0.0
821,2019-08-12,175000,3.0,0.0,1.0,0.0,1.0,0.0,0.0,0.0,1.0,0.0,0.0
822,2019-08-12,242355,2.0,0.0,0.0,0.0,1.0,0.0,1.0,0.0,0.0,0.0,0.0
823,2019-08-12,293764,2.0,0.0,1.0,0.0,0.0,0.0,0.0,0.0,1.0,0.0,0.0
824,2019-08-01,3172410,4.0,1.0,1.0,1.0,0.0,0.0,0.0,0.0,1.0,0.0,0.0
825,2019-08-01,397906,2.0,0.0,0.0,0.0,0.0,1.0,0.0,0.0,1.0,0.0,0.0
826,2019-08-01,56664,2.0,1.0,0.0,0.0,1.0,0.0,0.0,0.0,0.0,0.0,0.0
827,2019-08-01,206815,1.0,0.0,0.0,0.0,1.0,0.0,0.0,0.0,0.0,0.0,0.0
828,2019-08-01,22765,1.0,1.0,0.0,0.0,0.0,0.0,0.0,0.0,0.0,0.0,0.0
829,2019-08-01,13959,4.0,0.0,1.0,0.0,0.0,1.0,1.0,0.0,1.0,0.0,0.0
830,2019-07-15,174987,3.0,0.0,0.0,0.0,1.0,0.0,1.0,0.0,0.0,0.0,1.0
831,2019-07-15,150128,2.0,1.0,0.0,0.0,0.0,0.0,0.0,0.0,1.0,0.0,0.0
832,2019-07-05,110056,0.0,0.0,0.0,0.0,0.0,0.0,0.0,0.0,0.0,0.0,0.0
833,2019-07-01,280182,2.0,0.0,0.0,0.0,0.0,1.0,0.0,0.0,1.0,0.0,0.0
834,2019-07-01,690839,6.0,1.0,1.0,1.0,0.0,0.0,0.0,1.0,1.0,0.0,1.0
835,2019-07-01,530000,2.0,0.0,0.0,1.0,0.0,0.0,0.0,0.0,0.0,1.0,0.0
836,2019-07-01,175000,1.0,1.0,0.0,0.0,0.0,0.0,0.0,0.0,0.0,0.0,0.0
837,2019-07-01,400000,3.0,0.0,0.0,1.0,0.0,1.0,0.0,0.0,1.0,0.0,0.0
838,2019-07-01,496893,3.0,1.0,0.0,0.0,1.0,0.0,0.0,1.0,0.0,0.0,0.0
839,2019-07-01,174920,2.0,1.0,0.0,0.0,0.0,0.0,0.0,1.0,0.0,0.0,0.0
840,2019-07-01,499946,2.0,0.0,1.0,0.0,1.0,0.0,0.0,0.0,0.0,0.0,0.0
841,2019-07-01,340743,0.0,0.0,0.0,0.0,0.0,0.0,0.0,0.0,0.0,0.0,0.0
842,2019-07-01,193432,4.0,1.0,1.0,0.0,0.0,1.0,0.0,0.0,1.0,0.0,0.0
843,2019-06-15,174879,0.0,0.0,0.0,0.0,0.0,0.0,0.0,0.0,0.0,0.0,0.0
844,2019-06-15,871239,2.0,0.0,1.0,0.0,0.0,0.0,0.0,0.0,1.0,0.0,0.0
845,2019-06-15,246420,3.0,1.0,0.0,0.0,0.0,0.0,0.0,0.0,1.0,1.0,0.0
846,2019-06-06,344623,2.0,1.0,0.0,1.0,0.0,0.0,0.0,0.0,0.0,0.0,0.0
847,2019-06-05,241664,2.0,1.0,0.0,0.0,0.0,1.0,0.0,0.0,0.0,0.0,0.0
848,2019-06-01,113483,0.0,0.0,0.0,0.0,0.0,0.0,0.0,0.0,0.0,0.0,0.0
849,2019-06-01,174958,2.0,0.0,1.0,0.0,0.0,1.0,0.0,0.0,0.0,0.0,0.0
850,2019-06-01,174898,1.0,0.0,0.0,0.0,1.0,0.0,0.0,0.0,0.0,0.0,0.0
851,2019-06-01,293621,1.0,0.0,0.0,0.0,0.0,1.0,0.0,0.0,0.0,0.0,0.0
852,2019-06-01,600000,2.0,0.0,0.0,1.0,0.0,0.0,1.0,0.0,0.0,0.0,0.0
853,2019-06-01,174977,2.0,0.0,1.0,0.0,0.0,0.0,0.0,0.0,1.0,0.0,0.0
854,2019-06-01,329541,1.0,1.0,0.0,0.0,0.0,0.0,0.0,0.0,0.0,0.0,0.0
855,2019-06-01,174999,2.0,0.0,0.0,0.0,0.0,0.0,1.0,0.0,1.0,0.0,0.0
856,2019-06-01,290207,0.0,0.0,0.0,0.0,0.0,0.0,0.0,0.0,0.0,0.0,0.0
857,2019-06-01,174995,4.0,1.0,1.0,0.0,0.0,0.0,0.0,1.0,1.0,0.0,0.0
858,2019-06-01,174860,1.0,0.0,0.0,0.0,0.0,0.0,0.0,0.0,1.0,0.0,0.0
859,2019-06-01,174576,2.0,1.0,0.0,0.0,0.0,0.0,0.0,0.0,1.0,0.0,0.0
860,2019-06-01,350200,2.0,0.0,1.0,0.0,1.0,0.0,0.0,0.0,0.0,0.0,0.0
861,2019-06-01,150000,3.0,0.0,0.0,1.0,1.0,0.0,0.0,0.0,1.0,0.0,0.0
862,2019-06-01,191921,1.0,0.0,1.0,0.0,0.0,0.0,0.0,0.0,0.0,0.0,0.0
863,2019-06-01,299999,1.0,0.0,0.0,0.0,0.0,0.0,1.0,0.0,0.0,0.0,0.0
864,2019-06-01,327245,1.0,0.0,0.0,0.0,0.0,0.0,1.0,0.0,0.0,0.0,0.0
865,2019-06-01,150000,1.0,0.0,0.0,0.0,0.0,0.0,0.0,1.0,0.0,0.0,0.0
866,2019-06-01,269148,3.0,0.0,0.0,0.0,0.0,1.0,1.0,1.0,0.0,0.0,0.0
867,2019-06-01,175000,2.0,0.0,0.0,0.0,0.0,1.0,0.0,0.0,1.0,0.0,0.0
868,2019-06-01,323865,1.0,1.0,0.0,0.0,0.0,0.0,0.0,0.0,0.0,0.0,0.0
869,2019-05-22,107651,1.0,0.0,0.0,0.0,0.0,1.0,0.0,0.0,0.0,0.0,0.0
870,2019-05-15,61788,2.0,0.0,0.0,0.0,0.0,0.0,0.0,1.0,1.0,0.0,0.0
871,2019-05-15,173511,2.0,0.0,0.0,0.0,0.0,0.0,0.0,0.0,1.0,1.0,0.0
872,2019-05-15,175000,1.0,0.0,0.0,0.0,0.0,0.0,0.0,0.0,1.0,0.0,0.0
873,2019-05-01,196587,2.0,0.0,0.0,0.0,1.0,0.0,0.0,0.0,0.0,0.0,1.0
874,2019-05-01,187698,2.0,0.0,0.0,0.0,0.0,0.0,0.0,1.0,1.0,0.0,0.0
875,2019-05-01,174998,1.0,0.0,0.0,0.0,0.0,0.0,0.0,0.0,1.0,0.0,0.0
876,2019-05-01,175000,1.0,0.0,0.0,0.0,0.0,1.0,0.0,0.0,0.0,0.0,0.0
877,2019-05-01,1999770,4.0,0.0,0.0,0.0,0.0,0.0,0.0,1.0,1.0,1.0,1.0
878,2019-05-01,594784,0.0,0.0,0.0,0.0,0.0,0.0,0.0,0.0,0.0,0.0,0.0
879,2019-05-01,266140,3.0,1.0,1.0,0.0,0.0,1.0,0.0,0.0,0.0,0.0,0.0
880,2019-05-01,274033,0.0,0.0,0.0,0.0,0.0,0.0,0.0,0.0,0.0,0.0,0.0
881,2019-05-01,199971,2.0,1.0,0.0,0.0,0.0,1.0,0.0,0.0,0.0,0.0,0.0
882,2019-05-01,172000,1.0,0.0,0.0,0.0,0.0,0.0,0.0,0.0,1.0,0.0,0.0
883,2019-05-01,162108,2.0,0.0,0.0,0.0,0.0,1.0,0.0,0.0,1.0,0.0,0.0
884,2019-04-15,49979,4.0,1.0,0.0,0.0,0.0,0.0,0.0,1.0,1.0,0.0,1.0
885,2019-04-01,81391,2.0,0.0,0.0,0.0,0.0,0.0,0.0,1.0,1.0,0.0,0.0
886,2019-04-01,102353,1.0,0.0,0.0,0.0,0.0,0.0,1.0,0.0,0.0,0.0,0.0
887,2019-04-01,192333,0.0,0.0,0.0,0.0,0.0,0.0,0.0,0.0,0.0,0.0,0.0
888,2019-04-01,2183158,3.0,0.0,1.0,0.0,0.0,0.0,0.0,1.0,0.0,0.0,1.0
889,2019-04-01,174997,2.0,0.0,0.0,1.0,0.0,0.0,0.0,0.0,1.0,0.0,0.0
890,2019-03-15,299967,2.0,1.0,0.0,0.0,0.0,0.0,0.0,0.0,1.0,0.0,0.0
891,2019-03-01,317736,0.0,0.0,0.0,0.0,0.0,0.0,0.0,0.0,0.0,0.0,0.0
892,2019-03-01,160000,3.0,1.0,1.0,0.0,0.0,0.0,0.0,0.0,0.0,1.0,0.0
893,2019-03-01,300198,3.0,0.0,0.0,0.0,0.0,1.0,0.0,1.0,1.0,0.0,0.0
894,2019-03-01,174379,2.0,0.0,1.0,0.0,1.0,0.0,0.0,0.0,0.0,0.0,0.0
895,2019-03-01,175000,1.0,0.0,0.0,0.0,0.0,0.0,0.0,0.0,1.0,0.0,0.0
896,2019-03-01,300000,3.0,1.0,1.0,0.0,0.0,0.0,0.0,0.0,1.0,0.0,0.0
897,2019-03-01,1100000,2.0,1.0,0.0,0.0,1.0,0.0,0.0,0.0,0.0,0.0,0.0
898,2019-03-01,174201,1.0,0.0,0.0,0.0,0.0,0.0,0.0,0.0,1.0,0.0,0.0
899,2019-03-01,174996,1.0,0.0,1.0,0.0,0.0,0.0,0.0,0.0,0.0,0.0,0.0
900,2019-02-15,174978,3.0,0.0,1.0,0.0,0.0,1.0,0.0,0.0,1.0,0.0,0.0
901,2019-02-15,174006,4.0,1.0,0.0,1.0,0.0,0.0,0.0,1.0,1.0,0.0,0.0
902,2019-02-15,290018,1.0,0.0,0.0,0.0,0.0,0.0,0.0,0.0,1.0,0.0,0.0
903,2019-02-15,378496,2.0,1.0,0.0,0.0,1.0,0.0,0.0,0.0,0.0,0.0,0.0
904,2019-02-15,174671,3.0,0.0,0.0,0.0,0.0,0.0,1.0,0.0,1.0,0.0,1.0
905,2019-02-15,282363,3.0,0.0,1.0,0.0,0.0,0.0,0.0,1.0,1.0,0.0,0.0
906,2019-02-15,174751,0.0,0.0,0.0,0.0,0.0,0.0,0.0,0.0,0.0,0.0,0.0
907,2019-02-15,175000,2.0,0.0,0.0,0.0,0.0,0.0,0.0,1.0,1.0,0.0,0.0
908,2019-02-15,316020,1.0,0.0,0.0,0.0,0.0,1.0,0.0,0.0,0.0,0.0,0.0
909,2019-01-02,123710,0.0,0.0,0.0,0.0,0.0,0.0,0.0,0.0,0.0,0.0,0.0
910,2019-01-01,500000,2.0,0.0,0.0,0.0,0.0,0.0,0.0,1.0,1.0,0.0,0.0
911,2019-01-01,499997,1.0,0.0,0.0,0.0,0.0,0.0,0.0,0.0,1.0,0.0,0.0
912,2019-01-01,1000000,2.0,0.0,1.0,0.0,0.0,0.0,0.0,0.0,1.0,0.0,0.0
913,2019-01-01,162498,1.0,1.0,0.0,0.0,0.0,0.0,0.0,0.0,0.0,0.0,0.0
914,2019-01-01,1000000,1.0,0.0,0.0,0.0,0.0,0.0,0.0,0.0,1.0,0.0,0.0
915,2019-01-01,1000000,2.0,0.0,0.0,1.0,0.0,1.0,0.0,0.0,0.0,0.0,0.0
916,2019-01-01,194928,2.0,0.0,0.0,0.0,0.0,0.0,0.0,1.0,1.0,0.0,0.0
917,2019-01-01,477018,2.0,0.0,0.0,0.0,1.0,0.0,0.0,0.0,1.0,0.0,0.0
918,2019-01-01,1000000,2.0,1.0,0.0,0.0,0.0,1.0,0.0,0.0,0.0,0.0,0.0
919,2019-01-01,1000000,2.0,1.0,0.0,0.0,0.0,1.0,0.0,0.0,0.0,0.0,0.0
920,2019-01-01,227333,4.0,0.0,1.0,0.0,0.0,0.0,0.0,1.0,1.0,1.0,0.0
921,2019-01-01,500000,2.0,0.0,1.0,0.0,0.0,0.0,0.0,0.0,0.0,0.0,1.0
922,2019-01-01,87976,4.0,1.0,1.0,0.0,0.0,0.0,0.0,0.0,1.0,0.0,1.0
923,2019-01-01,200000,2.0,1.0,0.0,0.0,0.0,1.0,0.0,0.0,0.0,0.0,0.0
924,2019-01-01,249807,3.0,0.0,0.0,0.0,1.0,1.0,0.0,0.0,1.0,0.0,0.0
925,2019-01-01,499986,3.0,0.0,0.0,0.0,0.0,1.0,0.0,1.0,1.0,0.0,0.0
926,2019-01-01,229999,2.0,0.0,0.0,0.0,0.0,1.0,0.0,0.0,1.0,0.0,0.0
927,2019-01-01,43077,0.0,0.0,0.0,0.0,0.0,0.0,0.0,0.0,0.0,0.0,0.0
928,2019-01-01,634818,1.0,0.0,0.0,0.0,0.0,1.0,0.0,0.0,0.0,0.0,0.0
929,2019-01-01,352338,2.0,0.0,0.0,0.0,0.0,0.0,0.0,1.0,1.0,0.0,0.0
930,2019-01-01,249999,3.0,0.0,1.0,0.0,0.0,0.0,0.0,0.0,1.0,1.0,0.0
931,2019-01-01,209159,1.0,0.0,0.0,0.0,0.0,0.0,1.0,0.0,0.0,0.0,0.0
932,2019-01-01,247268,0.0,0.0,0.0,0.0,0.0,0.0,0.0,0.0,0.0,0.0,0.0
933,2019-01-01,453326,2.0,1.0,0.0,0.0,0.0,1.0,0.0,0.0,0.0,0.0,0.0
934,2019-01-01,385961,1.0,0.0,0.0,0.0,0.0,1.0,0.0,0.0,0.0,0.0,0.0
935,2018-12-15,288066,1.0,1.0,0.0,0.0,0.0,0.0,0.0,0.0,0.0,0.0,0.0
936,2018-12-15,392562,1.0,1.0,0.0,0.0,0.0,0.0,0.0,0.0,0.0,0.0,0.0
937,2018-12-15,124657,1.0,0.0,0.0,0.0,0.0,1.0,0.0,0.0,0.0,0.0,0.0
938,2018-12-15,366718,1.0,0.0,0.0,0.0,0.0,0.0,0.0,0.0,1.0,0.0,0.0
939,2018-12-01,50000,5.0,0.0,1.0,1.0,0.0,0.0,1.0,0.0,1.0,0.0,1.0
940,2018-11-15,50000,1.0,0.0,0.0,0.0,0.0,0.0,0.0,0.0,1.0,0.0,0.0
941,2018-11-15,50000,1.0,0.0,0.0,0.0,0.0,1.0,0.0,0.0,0.0,0.0,0.0
942,2018-11-15,50000,2.0,0.0,0.0,0.0,1.0,0.0,0.0,0.0,0.0,1.0,0.0
943,2018-11-15,50000,0.0,0.0,0.0,0.0,0.0,0.0,0.0,0.0,0.0,0.0,0.0
944,2018-11-15,50000,2.0,0.0,0.0,0.0,0.0,0.0,0.0,0.0,1.0,0.0,1.0
945,2018-11-01,175000,0.0,0.0,0.0,0.0,0.0,0.0,0.0,0.0,0.0,0.0,0.0
946,2018-11-01,50000,1.0,0.0,0.0,0.0,0.0,0.0,0.0,0.0,1.0,0.0,0.0
947,2018-11-01,50000,2.0,0.0,1.0,0.0,1.0,0.0,0.0,0.0,0.0,0.0,0.0
948,2018-11-01,50000,0.0,0.0,0.0,0.0,0.0,0.0,0.0,0.0,0.0,0.0,0.0
949,2018-11-01,397547,2.0,0.0,0.0,0.0,0.0,1.0,0.0,0.0,1.0,0.0,0.0
950,2018-11-01,299989,1.0,1.0,0.0,0.0,0.0,0.0,0.0,0.0,0.0,0.0,0.0
951,2018-11-01,50000,2.0,0.0,0.0,0.0,0.0,0.0,0.0,1.0,1.0,0.0,0.0
952,2018-10-15,299983,2.0,1.0,0.0,0.0,0.0,0.0,0.0,0.0,1.0,0.0,0.0
953,2018-10-01,999737,2.0,1.0,0.0,0.0,0.0,0.0,0.0,0.0,0.0,1.0,0.0
954,2018-10-01,1323056,1.0,1.0,0.0,0.0,0.0,0.0,0.0,0.0,0.0,0.0,0.0
955,2018-10-01,479932,2.0,0.0,0.0,0.0,0.0,1.0,0.0,0.0,1.0,0.0,0.0
956,2018-10-01,250034,2.0,0.0,1.0,0.0,1.0,0.0,0.0,0.0,0.0,0.0,0.0
957,2018-10-01,372667,1.0,0.0,0.0,0.0,1.0,0.0,0.0,0.0,0.0,0.0,0.0
958,2018-10-01,297343,3.0,1.0,0.0,0.0,0.0,0.0,0.0,1.0,1.0,0.0,0.0
959,2018-10-01,220000,1.0,0.0,0.0,0.0,0.0,0.0,0.0,1.0,0.0,0.0,0.0
960,2018-10-01,550949,0.0,0.0,0.0,0.0,0.0,0.0,0.0,0.0,0.0,0.0,0.0
961,2018-10-01,797070,1.0,0.0,0.0,0.0,0.0,1.0,0.0,0.0,0.0,0.0,0.0
962,2018-10-01,500000,1.0,0.0,0.0,0.0,1.0,0.0,0.0,0.0,0.0,0.0,0.0
963,2018-10-01,550000,3.0,0.0,0.0,0.0,1.0,1.0,1.0,0.0,0.0,0.0,0.0
964,2018-10-01,15000,3.0,0.0,1.0,1.0,0.0,0.0,0.0,0.0,0.0,0.0,1.0
965,2018-10-01,999953,1.0,1.0,0.0,0.0,0.0,0.0,0.0,0.0,0.0,0.0,0.0
966,2018-10-01,280000,3.0,1.0,0.0,0.0,0.0,1.0,0.0,0.0,1.0,0.0,0.0
967,2018-10-01,180000,3.0,0.0,0.0,0.0,1.0,0.0,0.0,1.0,1.0,0.0,0.0
968,2018-10-01,600000,2.0,0.0,0.0,0.0,1.0,1.0,0.0,0.0,0.0,0.0,0.0
969,2018-10-01,1000000,2.0,0.0,1.0,0.0,0.0,1.0,0.0,0.0,0.0,0.0,0.0
970,2018-10-01,968543,1.0,0.0,0.0,0.0,1.0,0.0,0.0,0.0,0.0,0.0,0.0
971,2018-10-01,610000,1.0,1.0,0.0,0.0,0.0,0.0,0.0,0.0,0.0,0.0,0.0
972,2018-10-01,849839,0.0,0.0,0.0,0.0,0.0,0.0,0.0,0.0,0.0,0.0,0.0
973,2018-10-01,360000,1.0,0.0,0.0,0.0,0.0,1.0,0.0,0.0,0.0,0.0,0.0
974,2018-10-01,372998,2.0,1.0,0.0,0.0,0.0,1.0,0.0,0.0,0.0,0.0,0.0
975,2018-10-01,2376090,1.0,1.0,0.0,0.0,0.0,0.0,0.0,0.0,0.0,0.0,0.0
976,2018-10-01,342488,1.0,1.0,0.0,0.0,0.0,0.0,0.0,0.0,0.0,0.0,0.0
977,2018-10-01,599995,2.0,0.0,0.0,0.0,0.0,1.0,1.0,0.0,0.0,0.0,0.0
978,2018-10-01,299993,4.0,1.0,0.0,0.0,0.0,0.0,0.0,1.0,1.0,0.0,1.0
979,2018-10-01,183654,2.0,1.0,0.0,0.0,0.0,0.0,0.0,0.0,1.0,0.0,0.0
980,2018-10-01,979997,1.0,1.0,0.0,0.0,0.0,0.0,0.0,0.0,0.0,0.0,0.0
981,2018-10-01,37200,5.0,1.0,0.0,0.0,1.0,1.0,0.0,1.0,1.0,0.0,0.0
982,2018-10-01,266496,2.0,1.0,0.0,0.0,0.0,0.0,0.0,0.0,1.0,0.0,0.0
983,2018-10-01,1191260,1.0,1.0,0.0,0.0,0.0,0.0,0.0,0.0,0.0,0.0,0.0
984,2018-10-01,255000,1.0,1.0,0.0,0.0,0.0,0.0,0.0,0.0,0.0,0.0,0.0
985,2018-10-01,652850,4.0,1.0,0.0,0.0,0.0,1.0,0.0,1.0,1.0,0.0,0.0
986,2018-10-01,499037,4.0,0.0,1.0,0.0,0.0,1.0,0.0,0.0,1.0,1.0,0.0
987,2018-10-01,2000000,1.0,1.0,0.0,0.0,0.0,0.0,0.0,0.0,0.0,0.0,0.0
988,2018-10-01,300000,5.0,0.0,1.0,1.0,1.0,1.0,0.0,0.0,1.0,0.0,0.0
989,2018-10-01,295000,0.0,0.0,0.0,0.0,0.0,0.0,0.0,0.0,0.0,0.0,0.0
990,2018-10-01,2099382,3.0,0.0,1.0,0.0,0.0,0.0,0.0,0.0,1.0,0.0,1.0
991,2018-10-01,1897466,3.0,0.0,0.0,0.0,0.0,1.0,0.0,1.0,0.0,1.0,0.0
992,2018-10-01,2092670,0.0,0.0,0.0,0.0,0.0,0.0,0.0,0.0,0.0,0.0,0.0
993,2018-10-01,191999,0.0,0.0,0.0,0.0,0.0,0.0,0.0,0.0,0.0,0.0,0.0
994,2018-10-01,191937,0.0,0.0,0.0,0.0,0.0,0.0,0.0,0.0,0.0,0.0,0.0
995,2018-10-01,348637,1.0,0.0,0.0,0.0,0.0,0.0,0.0,1.0,0.0,0.0,0.0
996,2018-10-01,223856,0.0,0.0,0.0,0.0,0.0,0.0,0.0,0.0,0.0,0.0,0.0
997,2018-10-01,500000,0.0,0.0,0.0,0.0,0.0,0.0,0.0,0.0,0.0,0.0,0.0
998,2018-10-01,2500000,1.0,0.0,0.0,1.0,0.0,0.0,0.0,0.0,0.0,0.0,0.0
999,2018-10-01,349890,1.0,0.0,0.0,1.0,0.0,0.0,0.0,0.0,0.0,0.0,0.0
1000,2018-10-01,305000,1.0,0.0,0.0,0.0,0.0,0.0,1.0,0.0,0.0,0.0,0.0
1001,2018-10-01,1466428,1.0,0.0,0.0,0.0,0.0,0.0,0.0,0.0,1.0,0.0,0.0
1002,2018-10-01,1495976,1.0,0.0,0.0,0.0,0.0,1.0,0.0,0.0,0.0,0.0,0.0
1003,2018-10-01,304994,1.0,1.0,0.0,0.0,0.0,0.0,0.0,0.0,0.0,0.0,0.0
1004,2018-10-01,304513,1.0,1.0,0.0,0.0,0.0,0.0,0.0,0.0,0.0,0.0,0.0
1005,2018-10-01,100000,3.0,0.0,1.0,0.0,0.0,1.0,0.0,0.0,0.0,0.0,1.0
1006,2018-10-01,1474719,3.0,1.0,0.0,0.0,0.0,0.0,0.0,1.0,1.0,0.0,0.0
1007,2018-10-01,100000,4.0,1.0,0.0,1.0,0.0,1.0,0.0,0.0,1.0,0.0,0.0
1008,2018-10-01,509527,1.0,1.0,0.0,0.0,0.0,0.0,0.0,0.0,0.0,0.0,0.0
1009,2018-10-01,75000,1.0,0.0,0.0,0.0,0.0,0.0,0.0,0.0,1.0,0.0,0.0
1010,2018-10-01,160000,0.0,0.0,0.0,0.0,0.0,0.0,0.0,0.0,0.0,0.0,0.0
1011,2018-10-01,191999,1.0,0.0,0.0,0.0,0.0,1.0,0.0,0.0,0.0,0.0,0.0
1012,2018-10-01,300000,4.0,0.0,0.0,1.0,1.0,1.0,0.0,0.0,1.0,0.0,0.0
1013,2018-10-01,300000,2.0,0.0,0.0,0.0,0.0,1.0,0.0,0.0,1.0,0.0,0.0
1014,2018-10-01,300000,0.0,0.0,0.0,0.0,0.0,0.0,0.0,0.0,0.0,0.0,0.0
1015,2018-10-01,499999,2.0,1.0,0.0,0.0,0.0,1.0,0.0,0.0,0.0,0.0,0.0
1016,2018-10-01,399969,1.0,1.0,0.0,0.0,0.0,0.0,0.0,0.0,0.0,0.0,0.0
1017,2018-10-01,358927,2.0,0.0,0.0,0.0,0.0,0.0,0.0,1.0,1.0,0.0,0.0
1018,2018-10-01,478727,3.0,1.0,0.0,0.0,0.0,1.0,0.0,0.0,1.0,0.0,0.0
1019,2018-10-01,600000,4.0,1.0,0.0,0.0,0.0,1.0,0.0,1.0,1.0,0.0,0.0
1020,2018-10-01,1504396,3.0,1.0,0.0,0.0,0.0,1.0,0.0,0.0,1.0,0.0,0.0
1021,2018-10-01,499375,1.0,1.0,0.0,0.0,0.0,0.0,0.0,0.0,0.0,0.0,0.0
1022,2018-10-01,212680,3.0,1.0,0.0,0.0,0.0,0.0,0.0,1.0,1.0,0.0,0.0
1023,2018-10-01,681425,2.0,1.0,0.0,0.0,0.0,1.0,0.0,0.0,0.0,0.0,0.0
1024,2018-10-01,2482272,1.0,1.0,0.0,0.0,0.0,0.0,0.0,0.0,0.0,0.0,0.0
1025,2018-10-01,346364,2.0,1.0,0.0,0.0,0.0,1.0,0.0,0.0,0.0,0.0,0.0
1026,2018-10-01,400000,3.0,1.0,0.0,1.0,0.0,1.0,0.0,0.0,0.0,0.0,0.0
1027,2018-10-01,299883,3.0,0.0,1.0,0.0,0.0,0.0,0.0,0.0,1.0,1.0,0.0
1028,2018-10-01,255000,4.0,1.0,0.0,0.0,0.0,1.0,0.0,1.0,1.0,0.0,0.0
1029,2018-10-01,355259,3.0,1.0,0.0,0.0,0.0,1.0,0.0,0.0,1.0,0.0,0.0
1030,2018-10-01,191999,2.0,1.0,0.0,0.0,0.0,0.0,0.0,0.0,0.0,1.0,0.0
1031,2018-10-01,255000,4.0,1.0,0.0,0.0,0.0,1.0,0.0,1.0,0.0,1.0,0.0
1032,2018-10-01,191999,1.0,1.0,0.0,0.0,0.0,0.0,0.0,0.0,0.0,0.0,0.0
1033,2018-10-01,177776,2.0,0.0,1.0,0.0,0.0,1.0,0.0,0.0,0.0,0.0,0.0
1034,2018-10-01,303119,1.0,1.0,0.0,0.0,0.0,0.0,0.0,0.0,0.0,0.0,0.0
1035,2018-10-01,180152,1.0,1.0,0.0,0.0,0.0,0.0,0.0,0.0,0.0,0.0,0.0
1036,2018-10-01,982900,0.0,0.0,0.0,0.0,0.0,0.0,0.0,0.0,0.0,0.0,0.0
1037,2018-10-01,2392507,2.0,1.0,0.0,0.0,0.0,1.0,0.0,0.0,0.0,0.0,0.0
1038,2018-10-01,2000000,2.0,1.0,0.0,0.0,0.0,0.0,1.0,0.0,0.0,0.0,0.0
1039,2018-10-01,50000,3.0,0.0,0.0,0.0,0.0,0.0,1.0,0.0,1.0,1.0,0.0
1040,2018-10-01,180487,0.0,0.0,0.0,0.0,0.0,0.0,0.0,0.0,0.0,0.0,0.0
1041,2018-10-01,200000,0.0,0.0,0.0,0.0,0.0,0.0,0.0,0.0,0.0,0.0,0.0
1042,2018-10-01,250000,3.0,0.0,1.0,0.0,1.0,0.0,0.0,0.0,1.0,0.0,0.0
1043,2018-10-01,249500,1.0,0.0,0.0,0.0,0.0,0.0,0.0,0.0,1.0,0.0,0.0
1044,2018-10-01,499087,2.0,1.0,0.0,0.0,0.0,0.0,0.0,0.0,1.0,0.0,0.0
1045,2018-10-01,50000,0.0,0.0,0.0,0.0,0.0,0.0,0.0,0.0,0.0,0.0,0.0
1046,2018-10-01,460249,2.0,0.0,0.0,0.0,1.0,0.0,0.0,0.0,1.0,0.0,0.0
1047,2018-10-01,38872,6.0,0.0,1.0,1.0,1.0,0.0,0.0,0.0,1.0,1.0,1.0
1048,2018-10-01,160000,1.0,0.0,0.0,0.0,0.0,0.0,0.0,1.0,0.0,0.0,0.0
1049,2018-10-01,50000,1.0,0.0,0.0,0.0,1.0,0.0,0.0,0.0,0.0,0.0,0.0
1050,2018-10-01,489999,2.0,0.0,0.0,1.0,0.0,0.0,0.0,0.0,1.0,0.0,0.0
1051,2018-10-01,500000,1.0,0.0,0.0,0.0,0.0,0.0,0.0,0.0,1.0,0.0,0.0
1052,2018-10-01,380000,0.0,0.0,0.0,0.0,0.0,0.0,0.0,0.0,0.0,0.0,0.0
1053,2018-10-01,250000,4.0,0.0,0.0,0.0,1.0,1.0,1.0,1.0,0.0,0.0,0.0
1054,2018-10-01,499976,3.0,0.0,0.0,1.0,0.0,1.0,0.0,0.0,1.0,0.0,0.0
1055,2018-10-01,537739,2.0,0.0,1.0,0.0,0.0,1.0,0.0,0.0,0.0,0.0,0.0
1056,2018-10-01,50000,4.0,1.0,1.0,0.0,1.0,0.0,0.0,0.0,1.0,0.0,0.0
1057,2018-10-01,249924,3.0,1.0,0.0,0.0,0.0,1.0,0.0,1.0,0.0,0.0,0.0
1058,2018-10-01,500000,2.0,0.0,0.0,0.0,0.0,1.0,0.0,0.0,1.0,0.0,0.0
1059,2018-10-01,474245,2.0,0.0,0.0,1.0,0.0,0.0,0.0,0.0,0.0,0.0,1.0
1060,2018-10-01,289973,1.0,0.0,0.0,1.0,0.0,0.0,0.0,0.0,0.0,0.0,0.0
1061,2018-10-01,499758,1.0,0.0,0.0,0.0,0.0,0.0,0.0,0.0,1.0,0.0,0.0
1062,2018-10-01,499996,0.0,0.0,0.0,0.0,0.0,0.0,0.0,0.0,0.0,0.0,0.0
1063,2018-10-01,499995,3.0,0.0,0.0,0.0,1.0,0.0,0.0,1.0,0.0,1.0,0.0
1064,2018-10-01,80948,1.0,0.0,0.0,0.0,0.0,1.0,0.0,0.0,0.0,0.0,0.0
1065,2018-10-01,250000,3.0,0.0,0.0,0.0,1.0,0.0,1.0,0.0,1.0,0.0,0.0
1066,2018-10-01,270580,2.0,0.0,0.0,1.0,1.0,0.0,0.0,0.0,0.0,0.0,0.0
1067,2018-10-01,499998,3.0,0.0,0.0,1.0,0.0,0.0,0.0,1.0,1.0,0.0,0.0
1068,2018-10-01,165601,1.0,0.0,0.0,1.0,0.0,0.0,0.0,0.0,0.0,0.0,0.0
1069,2018-10-01,163500,6.0,1.0,1.0,0.0,0.0,0.0,1.0,0.0,1.0,1.0,1.0
1070,2018-10-01,250000,7.0,0.0,1.0,1.0,0.0,0.0,1.0,1.0,1.0,1.0,1.0
1071,2018-10-01,497223,1.0,0.0,0.0,0.0,0.0,0.0,1.0,0.0,0.0,0.0,0.0
1072,2018-10-01,499997,2.0,0.0,0.0,0.0,1.0,0.0,0.0,0.0,1.0,0.0,0.0
1073,2018-10-01,327203,0.0,0.0,0.0,0.0,0.0,0.0,0.0,0.0,0.0,0.0,0.0
1074,2018-10-01,146189,1.0,0.0,0.0,1.0,0.0,0.0,0.0,0.0,0.0,0.0,0.0
1075,2018-10-01,499980,2.0,1.0,1.0,0.0,0.0,0.0,0.0,0.0,0.0,0.0,0.0
1076,2018-10-01,85000,3.0,1.0,1.0,0.0,0.0,0.0,0.0,0.0,0.0,0.0,1.0
1077,2018-10-01,165495,4.0,0.0,1.0,1.0,0.0,0.0,1.0,0.0,0.0,0.0,1.0
1078,2018-10-01,195000,4.0,0.0,1.0,0.0,1.0,0.0,0.0,0.0,1.0,0.0,1.0
1079,2018-10-01,500000,2.0,0.0,1.0,0.0,0.0,0.0,0.0,0.0,0.0,0.0,1.0
1080,2018-10-01,499995,4.0,0.0,1.0,0.0,1.0,0.0,1.0,0.0,1.0,0.0,0.0
1081,2018-10-01,199898,2.0,0.0,1.0,0.0,0.0,0.0,0.0,1.0,0.0,0.0,0.0
1082,2018-10-01,50000,0.0,0.0,0.0,0.0,0.0,0.0,0.0,0.0,0.0,0.0,0.0
1083,2018-10-01,350000,0.0,0.0,0.0,0.0,0.0,0.0,0.0,0.0,0.0,0.0,0.0
1084,2018-10-01,50000,2.0,0.0,0.0,0.0,1.0,0.0,0.0,0.0,0.0,1.0,0.0
1085,2018-10-01,500000,1.0,1.0,0.0,0.0,0.0,0.0,0.0,0.0,0.0,0.0,0.0
1086,2018-10-01,150000,0.0,0.0,0.0,0.0,0.0,0.0,0.0,0.0,0.0,0.0,0.0
1087,2018-10-01,500000,2.0,1.0,0.0,0.0,0.0,0.0,0.0,0.0,1.0,0.0,0.0
1088,2018-10-01,500000,1.0,1.0,0.0,0.0,0.0,0.0,0.0,0.0,0.0,0.0,0.0
1089,2018-10-01,500000,2.0,1.0,1.0,0.0,0.0,0.0,0.0,0.0,0.0,0.0,0.0
1090,2018-10-01,250000,2.0,1.0,0.0,0.0,0.0,0.0,0.0,0.0,1.0,0.0,0.0
1091,2018-10-01,50000,1.0,0.0,0.0,0.0,0.0,0.0,0.0,0.0,1.0,0.0,0.0
1092,2018-10-01,50000,2.0,0.0,0.0,1.0,0.0,0.0,0.0,0.0,1.0,0.0,0.0
1093,2018-10-01,500000,0.0,0.0,0.0,0.0,0.0,0.0,0.0,0.0,0.0,0.0,0.0
1094,2018-10-01,214849,2.0,0.0,0.0,0.0,0.0,1.0,0.0,0.0,1.0,0.0,0.0
1095,2018-10-01,230767,3.0,1.0,0.0,0.0,0.0,0.0,0.0,1.0,1.0,0.0,0.0
1096,2018-10-01,323081,2.0,1.0,0.0,0.0,0.0,0.0,0.0,0.0,1.0,0.0,0.0
1097,2018-10-01,246216,1.0,0.0,0.0,0.0,0.0,1.0,0.0,0.0,0.0,0.0,0.0
1098,2018-10-01,274111,0.0,0.0,0.0,0.0,0.0,0.0,0.0,0.0,0.0,0.0,0.0
1099,2018-10-01,450000,0.0,0.0,0.0,0.0,0.0,0.0,0.0,0.0,0.0,0.0,0.0
1100,2018-10-01,2074977,4.0,0.0,1.0,0.0,0.0,1.0,0.0,0.0,1.0,1.0,0.0
1101,2018-10-01,2000000,0.0,0.0,0.0,0.0,0.0,0.0,0.0,0.0,0.0,0.0,0.0
1102,2018-10-01,299881,2.0,0.0,0.0,0.0,1.0,0.0,0.0,0.0,1.0,0.0,0.0
1103,2018-10-01,300002,1.0,0.0,0.0,0.0,0.0,0.0,0.0,0.0,1.0,0.0,0.0
1104,2018-10-01,1189778,1.0,1.0,0.0,0.0,0.0,0.0,0.0,0.0,0.0,0.0,0.0
1105,2018-10-01,240026,3.0,1.0,0.0,0.0,0.0,0.0,0.0,1.0,1.0,0.0,0.0
1106,2018-10-01,299950,0.0,0.0,0.0,0.0,0.0,0.0,0.0,0.0,0.0,0.0,0.0
1107,2018-10-01,550000,4.0,1.0,0.0,0.0,0.0,1.0,0.0,0.0,1.0,1.0,0.0
1108,2018-10-01,500000,5.0,0.0,1.0,0.0,0.0,0.0,0.0,1.0,1.0,1.0,1.0
1109,2018-10-01,424612,2.0,0.0,1.0,0.0,0.0,0.0,0.0,0.0,0.0,0.0,1.0
1110,2018-10-01,500000,3.0,0.0,0.0,0.0,0.0,0.0,1.0,0.0,1.0,0.0,1.0
1111,2018-10-01,50000,0.0,0.0,0.0,0.0,0.0,0.0,0.0,0.0,0.0,0.0,0.0
1112,2018-10-01,299972,2.0,0.0,0.0,0.0,0.0,1.0,0.0,0.0,1.0,0.0,0.0
1113,2018-10-01,324604,3.0,0.0,1.0,0.0,0.0,0.0,0.0,0.0,1.0,1.0,0.0
1114,2018-10-01,200000,1.0,0.0,0.0,0.0,0.0,0.0,0.0,0.0,0.0,1.0,0.0
1115,2018-10-01,499995,4.0,1.0,1.0,0.0,1.0,0.0,0.0,0.0,0.0,0.0,1.0
1116,2018-10-01,499999,1.0,0.0,0.0,0.0,0.0,0.0,0.0,0.0,1.0,0.0,0.0
1117,2018-10-01,450000,3.0,1.0,0.0,0.0,0.0,0.0,1.0,0.0,1.0,0.0,0.0
1118,2018-10-01,336499,2.0,1.0,0.0,0.0,0.0,0.0,0.0,0.0,1.0,0.0,0.0
1119,2018-10-01,50000,1.0,0.0,0.0,0.0,0.0,1.0,0.0,0.0,0.0,0.0,0.0
1120,2018-10-01,500000,3.0,0.0,0.0,1.0,0.0,0.0,0.0,1.0,1.0,0.0,0.0
1121,2018-10-01,333333,3.0,1.0,0.0,0.0,0.0,0.0,0.0,1.0,1.0,0.0,0.0
1122,2018-10-01,499801,1.0,1.0,0.0,0.0,0.0,0.0,0.0,0.0,0.0,0.0,0.0
1123,2018-10-01,50000,2.0,0.0,1.0,0.0,0.0,0.0,0.0,0.0,0.0,0.0,1.0
1124,2018-10-01,516000,4.0,0.0,0.0,0.0,0.0,0.0,0.0,1.0,1.0,1.0,1.0
1125,2018-10-01,410737,4.0,1.0,0.0,0.0,1.0,0.0,0.0,1.0,1.0,0.0,0.0
1126,2018-10-01,500000,2.0,0.0,0.0,0.0,0.0,0.0,0.0,0.0,1.0,0.0,1.0
1127,2018-09-15,50000,1.0,0.0,0.0,0.0,0.0,0.0,0.0,0.0,1.0,0.0,0.0
1128,2018-09-15,50000,2.0,0.0,0.0,0.0,0.0,0.0,0.0,1.0,1.0,0.0,0.0
1129,2018-09-15,50000,1.0,0.0,0.0,0.0,0.0,0.0,0.0,0.0,1.0,0.0,0.0
1130,2018-09-15,50000,0.0,0.0,0.0,0.0,0.0,0.0,0.0,0.0,0.0,0.0,0.0
1131,2018-09-15,50000,2.0,1.0,0.0,0.0,0.0,0.0,0.0,0.0,1.0,0.0,0.0
1132,2018-09-15,50000,1.0,0.0,0.0,0.0,0.0,0.0,0.0,0.0,1.0,0.0,0.0
1133,2018-09-15,750000,2.0,0.0,0.0,1.0,0.0,0.0,0.0,0.0,1.0,0.0,0.0
1134,2018-09-15,50000,2.0,0.0,0.0,0.0,0.0,1.0,0.0,0.0,1.0,0.0,0.0
1135,2018-09-15,746402,0.0,0.0,0.0,0.0,0.0,0.0,0.0,0.0,0.0,0.0,0.0
1136,2018-09-15,449997,3.0,1.0,1.0,1.0,0.0,0.0,0.0,0.0,0.0,0.0,0.0
1137,2018-09-01,299942,2.0,1.0,0.0,0.0,0.0,0.0,0.0,1.0,0.0,0.0,0.0
1138,2018-09-01,50000,0.0,0.0,0.0,0.0,0.0,0.0,0.0,0.0,0.0,0.0,0.0
1139,2018-09-01,50000,0.0,0.0,0.0,0.0,0.0,0.0,0.0,0.0,0.0,0.0,0.0
1140,2018-09-01,250000,2.0,0.0,0.0,0.0,0.0,0.0,0.0,1.0,1.0,0.0,0.0
1141,2018-09-01,50000,1.0,0.0,0.0,0.0,0.0,0.0,0.0,0.0,1.0,0.0,0.0
1142,2018-09-01,50000,1.0,0.0,0.0,0.0,0.0,0.0,0.0,1.0,0.0,0.0,0.0
1143,2018-09-01,359999,3.0,1.0,0.0,1.0,0.0,0.0,0.0,1.0,0.0,0.0,0.0
1144,2018-09-01,298286,3.0,0.0,1.0,1.0,0.0,0.0,0.0,0.0,0.0,0.0,1.0
1145,2018-09-01,81691,1.0,1.0,0.0,0.0,0.0,0.0,0.0,0.0,0.0,0.0,0.0
1146,2018-09-01,500000,1.0,1.0,0.0,0.0,0.0,0.0,0.0,0.0,0.0,0.0,0.0
1147,2018-09-01,498215,2.0,1.0,0.0,0.0,0.0,0.0,0.0,0.0,1.0,0.0,0.0
1148,2018-09-01,489287,4.0,0.0,1.0,0.0,0.0,0.0,0.0,1.0,1.0,0.0,1.0
1149,2018-09-01,999382,1.0,1.0,0.0,0.0,0.0,0.0,0.0,0.0,0.0,0.0,0.0
1150,2018-09-01,499659,3.0,0.0,0.0,0.0,1.0,1.0,0.0,0.0,1.0,0.0,0.0
1151,2018-09-01,500000,3.0,0.0,0.0,0.0,0.0,1.0,0.0,1.0,0.0,1.0,0.0
1152,2018-09-01,500000,2.0,0.0,1.0,1.0,0.0,0.0,0.0,0.0,0.0,0.0,0.0
1153,2018-09-01,621253,4.0,1.0,0.0,0.0,0.0,0.0,1.0,1.0,1.0,0.0,0.0
1154,2018-09-01,500000,3.0,0.0,1.0,0.0,0.0,0.0,0.0,0.0,1.0,0.0,1.0
1155,2018-09-01,290642,2.0,0.0,0.0,0.0,0.0,1.0,0.0,0.0,1.0,0.0,0.0
1156,2018-09-01,87218,4.0,0.0,0.0,1.0,1.0,0.0,1.0,0.0,1.0,0.0,0.0
1157,2018-09-01,500000,3.0,0.0,1.0,0.0,0.0,1.0,0.0,0.0,1.0,0.0,0.0
1158,2018-09-01,411325,2.0,0.0,0.0,0.0,0.0,0.0,0.0,1.0,1.0,0.0,0.0
1159,2018-09-01,499999,2.0,1.0,0.0,0.0,0.0,0.0,0.0,0.0,0.0,0.0,1.0
1160,2018-09-01,300000,3.0,0.0,1.0,0.0,0.0,0.0,0.0,0.0,1.0,1.0,0.0
1161,2018-09-01,0,2.0,0.0,0.0,0.0,1.0,0.0,1.0,0.0,0.0,0.0,0.0
1162,2018-09-01,344683,2.0,1.0,0.0,0.0,0.0,0.0,0.0,1.0,0.0,0.0,0.0
1163,2018-09-01,558018,0.0,0.0,0.0,0.0,0.0,0.0,0.0,0.0,0.0,0.0,0.0
1164,2018-09-01,256892,3.0,0.0,1.0,0.0,0.0,0.0,0.0,1.0,0.0,1.0,0.0
1165,2018-09-01,230000,1.0,0.0,0.0,1.0,0.0,0.0,0.0,0.0,0.0,0.0,0.0
1166,2018-09-01,449089,0.0,0.0,0.0,0.0,0.0,0.0,0.0,0.0,0.0,0.0,0.0
1167,2018-09-01,499321,4.0,1.0,1.0,1.0,0.0,0.0,0.0,0.0,0.0,1.0,0.0
1168,2018-09-01,299994,4.0,1.0,1.0,1.0,0.0,0.0,0.0,0.0,1.0,0.0,0.0
1169,2018-09-01,209992,4.0,0.0,1.0,0.0,1.0,1.0,0.0,0.0,1.0,0.0,0.0
1170,2018-09-01,450000,2.0,1.0,0.0,0.0,0.0,0.0,0.0,0.0,0.0,1.0,0.0
1171,2018-09-01,295937,3.0,0.0,1.0,0.0,0.0,0.0,1.0,0.0,0.0,0.0,1.0
1172,2018-09-01,495277,4.0,0.0,1.0,0.0,0.0,1.0,1.0,0.0,1.0,0.0,0.0
1173,2018-09-01,500000,2.0,0.0,0.0,0.0,1.0,0.0,1.0,0.0,0.0,0.0,0.0
1174,2018-09-01,134661,1.0,0.0,0.0,0.0,0.0,0.0,0.0,0.0,1.0,0.0,0.0
1175,2018-09-01,500000,1.0,0.0,0.0,0.0,0.0,0.0,1.0,0.0,0.0,0.0,0.0
1176,2018-09-01,500000,0.0,0.0,0.0,0.0,0.0,0.0,0.0,0.0,0.0,0.0,0.0
1177,2018-09-01,350000,2.0,0.0,0.0,0.0,0.0,0.0,0.0,0.0,1.0,1.0,0.0
1178,2018-09-01,73636,1.0,0.0,0.0,0.0,0.0,1.0,0.0,0.0,0.0,0.0,0.0
1179,2018-09-01,336873,2.0,0.0,1.0,0.0,0.0,0.0,0.0,0.0,1.0,0.0,0.0
1180,2018-09-01,500000,4.0,0.0,1.0,0.0,1.0,1.0,0.0,0.0,0.0,1.0,0.0
1181,2018-09-01,499567,2.0,1.0,0.0,0.0,0.0,0.0,0.0,0.0,1.0,0.0,0.0
1182,2018-09-01,500000,2.0,1.0,0.0,0.0,0.0,0.0,0.0,0.0,1.0,0.0,0.0
1183,2018-09-01,120000,2.0,0.0,1.0,0.0,1.0,0.0,0.0,0.0,0.0,0.0,0.0
1184,2018-09-01,500000,4.0,0.0,1.0,0.0,0.0,0.0,0.0,1.0,1.0,0.0,1.0
1185,2018-09-01,242815,1.0,0.0,0.0,0.0,1.0,0.0,0.0,0.0,0.0,0.0,0.0
1186,2018-09-01,151823,3.0,0.0,0.0,1.0,1.0,0.0,0.0,0.0,0.0,1.0,0.0
1187,2018-09-01,501797,1.0,0.0,1.0,0.0,0.0,0.0,0.0,0.0,0.0,0.0,0.0
1188,2018-09-01,500000,5.0,0.0,1.0,0.0,0.0,0.0,1.0,1.0,1.0,0.0,1.0
1189,2018-09-01,298783,1.0,0.0,0.0,0.0,0.0,1.0,0.0,0.0,0.0,0.0,0.0
1190,2018-09-01,499659,3.0,1.0,0.0,0.0,1.0,0.0,0.0,0.0,0.0,0.0,1.0
1191,2018-09-01,313909,5.0,0.0,0.0,1.0,1.0,0.0,1.0,0.0,1.0,1.0,0.0
1192,2018-09-01,151823,2.0,0.0,1.0,0.0,0.0,1.0,0.0,0.0,0.0,0.0,0.0
1193,2018-09-01,286899,0.0,0.0,0.0,0.0,0.0,0.0,0.0,0.0,0.0,0.0,0.0
1194,2018-09-01,698957,0.0,0.0,0.0,0.0,0.0,0.0,0.0,0.0,0.0,0.0,0.0
1195,2018-09-01,483038,3.0,1.0,0.0,1.0,0.0,0.0,0.0,0.0,1.0,0.0,0.0
1196,2018-09-01,754568,2.0,0.0,1.0,0.0,0.0,1.0,0.0,0.0,0.0,0.0,0.0
1197,2018-09-01,999885,3.0,0.0,1.0,0.0,0.0,0.0,0.0,0.0,1.0,1.0,0.0
1198,2018-09-01,256135,5.0,1.0,1.0,0.0,1.0,0.0,1.0,0.0,0.0,0.0,1.0
1199,2018-09-01,691625,2.0,0.0,1.0,0.0,0.0,0.0,0.0,0.0,1.0,0.0,0.0
1200,2018-08-27,466978,5.0,1.0,1.0,0.0,1.0,0.0,1.0,0.0,0.0,0.0,1.0
1201,2018-08-27,52303,4.0,0.0,1.0,0.0,0.0,0.0,1.0,0.0,1.0,0.0,1.0
1202,2018-08-27,103554,2.0,0.0,0.0,0.0,0.0,0.0,0.0,1.0,1.0,0.0,0.0
1203,2018-08-26,32451,3.0,0.0,1.0,0.0,0.0,0.0,0.0,0.0,1.0,0.0,1.0
1204,2018-08-24,153846,2.0,0.0,1.0,0.0,1.0,0.0,0.0,0.0,0.0,0.0,0.0
1205,2018-08-16,174135,3.0,0.0,0.0,0.0,1.0,1.0,0.0,0.0,1.0,0.0,0.0
1206,2018-08-15,249797,3.0,0.0,0.0,1.0,1.0,0.0,0.0,0.0,1.0,0.0,0.0
1207,2018-08-15,221525,5.0,0.0,1.0,0.0,1.0,0.0,1.0,0.0,1.0,1.0,0.0
1208,2018-08-15,333328,1.0,0.0,0.0,0.0,0.0,1.0,0.0,0.0,0.0,0.0,0.0
1209,2018-08-15,500000,1.0,0.0,0.0,0.0,0.0,1.0,0.0,0.0,0.0,0.0,0.0
1210,2018-08-15,499692,1.0,0.0,0.0,0.0,0.0,1.0,0.0,0.0,0.0,0.0,0.0
1211,2018-08-15,249277,3.0,1.0,0.0,0.0,0.0,1.0,0.0,0.0,1.0,0.0,0.0
1212,2018-08-15,500000,2.0,0.0,0.0,0.0,0.0,0.0,0.0,1.0,1.0,0.0,0.0
1213,2018-08-15,380779,0.0,0.0,0.0,0.0,0.0,0.0,0.0,0.0,0.0,0.0,0.0
1214,2018-08-15,1199484,1.0,0.0,0.0,0.0,1.0,0.0,0.0,0.0,0.0,0.0,0.0
1215,2018-08-15,299905,6.0,1.0,1.0,1.0,0.0,0.0,0.0,1.0,1.0,0.0,1.0
1216,2018-08-15,258724,1.0,1.0,0.0,0.0,0.0,0.0,0.0,0.0,0.0,0.0,0.0
1217,2018-08-15,200000,2.0,0.0,0.0,0.0,1.0,0.0,1.0,0.0,0.0,0.0,0.0
1218,2018-08-15,500000,1.0,0.0,0.0,0.0,0.0,0.0,0.0,0.0,0.0,0.0,1.0
1219,2018-08-15,250000,2.0,0.0,0.0,0.0,0.0,0.0,0.0,1.0,1.0,0.0,0.0
1220,2018-08-15,800000,2.0,0.0,0.0,0.0,0.0,0.0,0.0,1.0,1.0,0.0,0.0
1221,2018-08-15,451102,1.0,0.0,0.0,0.0,0.0,0.0,0.0,0.0,1.0,0.0,0.0
1222,2018-08-15,580806,1.0,0.0,0.0,1.0,0.0,0.0,0.0,0.0,0.0,0.0,0.0
1223,2018-08-15,626030,3.0,0.0,0.0,0.0,0.0,0.0,1.0,0.0,1.0,0.0,1.0
1224,2018-08-15,299546,0.0,0.0,0.0,0.0,0.0,0.0,0.0,0.0,0.0,0.0,0.0
1225,2018-08-15,50000,0.0,0.0,0.0,0.0,0.0,0.0,0.0,0.0,0.0,0.0,0.0
1226,2018-08-15,149999,1.0,0.0,0.0,0.0,0.0,1.0,0.0,0.0,0.0,0.0,0.0
1227,2018-08-15,499832,1.0,0.0,0.0,0.0,0.0,0.0,0.0,0.0,1.0,0.0,0.0
1228,2018-08-11,340830,1.0,0.0,0.0,0.0,0.0,0.0,0.0,0.0,1.0,0.0,0.0
1229,2018-08-11,59494,0.0,0.0,0.0,0.0,0.0,0.0,0.0,0.0,0.0,0.0,0.0
1230,2018-08-01,100000,3.0,1.0,0.0,0.0,0.0,1.0,0.0,0.0,1.0,0.0,0.0
1231,2018-08-01,499100,2.0,1.0,0.0,0.0,0.0,0.0,0.0,0.0,1.0,0.0,0.0
1232,2018-08-01,13375,2.0,1.0,0.0,0.0,0.0,0.0,0.0,1.0,0.0,0.0,0.0
1233,2018-08-01,400000,3.0,0.0,0.0,0.0,1.0,1.0,0.0,0.0,1.0,0.0,0.0
1234,2018-08-01,150000,1.0,0.0,0.0,0.0,0.0,0.0,1.0,0.0,0.0,0.0,0.0
1235,2018-08-01,327617,0.0,0.0,0.0,0.0,0.0,0.0,0.0,0.0,0.0,0.0,0.0
1236,2018-08-01,300000,2.0,0.0,0.0,1.0,0.0,0.0,0.0,0.0,0.0,1.0,0.0
1237,2018-08-01,789965,2.0,0.0,0.0,1.0,0.0,0.0,1.0,0.0,0.0,0.0,0.0
1238,2018-08-01,498218,1.0,0.0,1.0,0.0,0.0,0.0,0.0,0.0,0.0,0.0,0.0
1239,2018-08-01,799275,4.0,0.0,1.0,0.0,0.0,0.0,1.0,0.0,1.0,0.0,1.0
1240,2018-08-01,15000,4.0,1.0,1.0,1.0,0.0,0.0,0.0,0.0,0.0,0.0,1.0
1241,2018-08-01,250000,2.0,0.0,0.0,1.0,0.0,0.0,0.0,0.0,1.0,0.0,0.0
1242,2018-08-01,1100000,3.0,0.0,1.0,0.0,1.0,0.0,0.0,0.0,1.0,0.0,0.0
1243,2018-08-01,1100695,1.0,0.0,0.0,0.0,0.0,1.0,0.0,0.0,0.0,0.0,0.0
1244,2018-08-01,700000,1.0,1.0,0.0,0.0,0.0,0.0,0.0,0.0,0.0,0.0,0.0
1245,2018-08-01,500000,2.0,0.0,0.0,0.0,0.0,0.0,0.0,1.0,1.0,0.0,0.0
1246,2018-08-01,14999,3.0,0.0,0.0,1.0,0.0,1.0,0.0,0.0,1.0,0.0,0.0
1247,2018-08-01,500000,2.0,1.0,0.0,0.0,0.0,0.0,0.0,1.0,0.0,0.0,0.0
1248,2018-08-01,405162,1.0,0.0,1.0,0.0,0.0,0.0,0.0,0.0,0.0,0.0,0.0
1249,2018-08-01,227800,1.0,0.0,1.0,0.0,0.0,0.0,0.0,0.0,0.0,0.0,0.0
1250,2018-08-01,249019,2.0,0.0,1.0,0.0,0.0,0.0,0.0,0.0,0.0,0.0,1.0
1251,2018-08-01,15000,5.0,1.0,1.0,1.0,0.0,1.0,0.0,0.0,1.0,0.0,0.0
1252,2018-08-01,15000,2.0,0.0,1.0,0.0,0.0,0.0,0.0,0.0,1.0,0.0,0.0
1253,2018-08-01,1500000,1.0,0.0,0.0,0.0,0.0,0.0,0.0,1.0,0.0,0.0,0.0
1254,2018-08-01,500000,2.0,0.0,0.0,1.0,0.0,0.0,1.0,0.0,0.0,0.0,0.0
1255,2018-08-01,65000,1.0,0.0,0.0,0.0,0.0,0.0,1.0,0.0,0.0,0.0,0.0
1256,2018-08-01,14999,4.0,1.0,1.0,0.0,0.0,1.0,0.0,0.0,1.0,0.0,0.0
1257,2018-08-01,389373,5.0,1.0,0.0,1.0,0.0,1.0,0.0,1.0,1.0,0.0,0.0
1258,2018-08-01,230000,2.0,0.0,0.0,0.0,0.0,1.0,0.0,0.0,1.0,0.0,0.0
1259,2018-08-01,46546,1.0,1.0,0.0,0.0,0.0,0.0,0.0,0.0,0.0,0.0,0.0
1260,2018-08-01,14999,3.0,0.0,1.0,1.0,0.0,0.0,0.0,0.0,1.0,0.0,0.0
1261,2018-08-01,312210,2.0,1.0,0.0,0.0,0.0,0.0,0.0,0.0,1.0,0.0,0.0
1262,2018-08-01,200000,0.0,0.0,0.0,0.0,0.0,0.0,0.0,0.0,0.0,0.0,0.0
1263,2018-07-15,800000,3.0,0.0,1.0,0.0,0.0,0.0,0.0,0.0,1.0,0.0,1.0
1264,2018-07-15,249999,5.0,0.0,1.0,1.0,0.0,0.0,1.0,0.0,1.0,1.0,0.0
1265,2018-07-01,83316,1.0,0.0,0.0,0.0,0.0,0.0,1.0,0.0,0.0,0.0,0.0
1266,2018-07-01,319996,1.0,0.0,0.0,0.0,0.0,0.0,0.0,0.0,1.0,0.0,0.0
1267,2018-07-01,500000,1.0,1.0,0.0,0.0,0.0,0.0,0.0,0.0,0.0,0.0,0.0
1268,2018-07-01,500000,3.0,0.0,0.0,1.0,0.0,0.0,0.0,0.0,1.0,1.0,0.0
1269,2018-06-15,499813,2.0,1.0,0.0,0.0,0.0,1.0,0.0,0.0,0.0,0.0,0.0
1270,2018-06-15,500000,0.0,0.0,0.0,0.0,0.0,0.0,0.0,0.0,0.0,0.0,0.0
1271,2018-06-01,36606,3.0,1.0,1.0,0.0,0.0,0.0,0.0,0.0,0.0,1.0,0.0
1272,2018-05-01,359766,1.0,0.0,0.0,1.0,0.0,0.0,0.0,0.0,0.0,0.0,0.0
1273,2018-05-01,300000,2.0,0.0,0.0,1.0,1.0,0.0,0.0,0.0,0.0,0.0,0.0
1274,2018-04-01,6500000,3.0,0.0,0.0,1.0,0.0,1.0,0.0,0.0,0.0,1.0,0.0
1275,2018-04-01,198850,2.0,0.0,0.0,0.0,0.0,0.0,0.0,0.0,1.0,1.0,0.0
1276,2018-03-19,57603,1.0,1.0,0.0,0.0,0.0,0.0,0.0,0.0,0.0,0.0,0.0
1277,2018-03-15,392605,4.0,1.0,0.0,0.0,1.0,0.0,1.0,0.0,1.0,0.0,0.0
1278,2018-03-01,252507,2.0,0.0,0.0,0.0,0.0,0.0,0.0,0.0,1.0,0.0,1.0
1279,2018-02-07,500000,1.0,0.0,0.0,0.0,0.0,0.0,0.0,0.0,1.0,0.0,0.0
1280,2018-02-01,659770,2.0,0.0,0.0,0.0,0.0,1.0,0.0,0.0,1.0,0.0,0.0
1281,2018-02-01,380272,3.0,1.0,1.0,0.0,0.0,0.0,0.0,0.0,1.0,0.0,0.0
1282,2018-02-01,414406,2.0,1.0,0.0,0.0,0.0,0.0,0.0,0.0,1.0,0.0,0.0
1283,2018-01-19,129561,4.0,1.0,0.0,0.0,0.0,1.0,1.0,0.0,1.0,0.0,0.0
1284,2018-01-08,525582,1.0,0.0,0.0,0.0,0.0,0.0,0.0,0.0,1.0,0.0,0.0
1285,2018-01-01,365932,0.0,0.0,0.0,0.0,0.0,0.0,0.0,0.0,0.0,0.0,0.0
1286,2018-01-01,490065,2.0,0.0,0.0,0.0,0.0,1.0,0.0,0.0,1.0,0.0,0.0
1287,2018-01-01,400000,3.0,0.0,0.0,1.0,0.0,1.0,0.0,0.0,1.0,0.0,0.0
1288,2018-01-01,454240,1.0,0.0,0.0,0.0,0.0,1.0,0.0,0.0,0.0,0.0,0.0
1289,2018-01-01,91062,3.0,0.0,1.0,0.0,0.0,0.0,0.0,0.0,1.0,0.0,1.0
1290,2017-12-01,143043,1.0,0.0,0.0,0.0,0.0,1.0,0.0,0.0,0.0,0.0,0.0
1291,2017-11-10,102193,3.0,0.0,0.0,0.0,1.0,0.0,1.0,0.0,1.0,0.0,0.0
1292,2017-11-10,999712,4.0,0.0,0.0,1.0,0.0,1.0,0.0,1.0,1.0,0.0,0.0
1293,2017-10-31,429731,3.0,0.0,1.0,0.0,1.0,0.0,0.0,0.0,1.0,0.0,0.0
1294,2017-10-26,122878,1.0,0.0,0.0,0.0,0.0,0.0,0.0,0.0,0.0,1.0,0.0
1295,2017-10-01,59174,2.0,0.0,0.0,0.0,0.0,0.0,0.0,1.0,1.0,0.0,0.0
1296,2017-10-01,149455,2.0,1.0,0.0,0.0,0.0,0.0,0.0,1.0,0.0,0.0,0.0
1297,2017-10-01,339950,6.0,0.0,1.0,0.0,1.0,0.0,1.0,1.0,1.0,0.0,1.0
1298,2017-09-01,86193,2.0,0.0,0.0,1.0,0.0,0.0,1.0,0.0,0.0,0.0,0.0
1299,2017-09-01,95858,0.0,0.0,0.0,0.0,0.0,0.0,0.0,0.0,0.0,0.0,0.0
1300,2017-09-01,82533,4.0,0.0,0.0,1.0,1.0,0.0,1.0,0.0,1.0,0.0,0.0
1301,2017-09-01,637212,3.0,0.0,1.0,0.0,0.0,0.0,0.0,1.0,0.0,0.0,1.0
1302,2017-09-01,79174,1.0,1.0,0.0,0.0,0.0,0.0,0.0,0.0,0.0,0.0,0.0
1303,2017-09-01,345043,1.0,0.0,0.0,0.0,0.0,1.0,0.0,0.0,0.0,0.0,0.0
1304,2017-09-01,469813,5.0,0.0,0.0,0.0,1.0,1.0,1.0,1.0,1.0,0.0,0.0
1305,2017-09-01,204690,6.0,0.0,0.0,1.0,1.0,0.0,1.0,1.0,1.0,1.0,0.0
1306,2017-08-31,550371,3.0,0.0,1.0,0.0,1.0,0.0,0.0,0.0,0.0,0.0,1.0
1307,2017-08-16,158458,1.0,0.0,0.0,0.0,0.0,1.0,0.0,0.0,0.0,0.0,0.0
1308,2017-08-14,174232,2.0,1.0,0.0,1.0,0.0,0.0,0.0,0.0,0.0,0.0,0.0
1309,2017-08-13,9100,1.0,0.0,0.0,0.0,0.0,0.0,0.0,0.0,1.0,0.0,0.0
1310,2017-08-10,353819,3.0,1.0,0.0,0.0,1.0,0.0,0.0,1.0,0.0,0.0,0.0
1311,2017-08-05,137245,2.0,0.0,1.0,0.0,0.0,0.0,0.0,0.0,0.0,0.0,1.0
1312,2017-08-01,233820,1.0,0.0,0.0,0.0,0.0,0.0,0.0,0.0,1.0,0.0,0.0
1313,2017-08-01,89617,3.0,0.0,1.0,0.0,1.0,0.0,0.0,1.0,0.0,0.0,0.0
1314,2017-08-01,500000,1.0,1.0,0.0,0.0,0.0,0.0,0.0,0.0,0.0,0.0,0.0
1315,2017-07-01,309477,1.0,0.0,0.0,0.0,0.0,1.0,0.0,0.0,0.0,0.0,0.0
1316,2017-07-01,15062,2.0,0.0,0.0,0.0,1.0,0.0,0.0,0.0,1.0,0.0,0.0
1317,2017-01-01,218213,2.0,1.0,0.0,0.0,0.0,1.0,0.0,0.0,0.0,0.0,0.0
1318,2017-01-01,193554,1.0,0.0,1.0,0.0,0.0,0.0,0.0,0.0,0.0,0.0,0.0
